id:ID,name,:LABEL
1,婴儿湿疹,疾病
2,皮肤屏障功能差,病因
3,接触过敏原,病因
4,皮肤过于干燥,病因
5,皮肤瘙痒,症状
6,婴儿哭闹不安,症状
7,影响食欲、睡眠和身体发育,症状
8,搔抓,症状
9,感染,症状
10,粗糙,症状
11,变红,症状
12,遗传因素,病因
13,皮肤屏障,病因
14,免疫因素,病因
15,炎热,病因
16,风吹,病因
17,皮肤红斑,症状
18,丘疱疹,症状
19,水疱,症状
20,渗液,症状
21,鲜红糜烂面,症状
22,脓疱,症状
23,局部淋巴结肿大,症状
24,发热,症状
25,灰白色糠状鳞屑,症状
26,淡红色或暗红色斑片,症状
27,密集小丘疹,症状
28,无水疱,症状
29,皮肤增厚,症状
30,皲裂,症状
31,抓痕,症状
32,结血痂,症状
33,直接根据皮疹的形态,诊断方法
34,病史,诊断方法
35,家族史,诊断方法
36,临床表现,诊断方法
37,全面体检,诊断方法
38,皮肤活检,诊断方法
39,实验室检查,诊断方法
40,组织学检查,诊断方法
41,其他实验室检查（如，血清 IgE、斑贴试验和基因检测）,诊断方法
42,过敏原检查,诊断方法
43,环境管理,治疗
44,药物治疗,治疗
45,生活管理等,治疗
46,开窗通风,治疗
47,24度,治疗
48,40%～50%,治疗
49,贴身衣物穿的柔软,治疗
50,舒适,治疗
51,无刺激,治疗
52,修剪指甲,治疗
53,保湿,治疗
54,涂抹润肤剂,治疗
55,外用抗生素软膏,治疗
56,外用激素乳膏治疗,治疗
57,皮肤科,科室
58,儿科,科室
59,儿童变态反应（过敏反应）科,科室
60,非变应性鼻炎,疾病
61,抗组胺药或鼻用激素治疗,治疗
62,鼻内糖皮质激素联合鼻内抗组胺药治疗,治疗
63,青霉素类或头孢类,治疗
64,病毒感染,病因
65,细菌感染,病因
66,真菌感染,病因
67,过敏原,病因
68,刺激性气味,病因
69,鼻痒,症状
70,打喷嚏,症状
71,流清涕,症状
72,鼻塞,症状
73,眼痒,症状
74,咽痒,症状
75,咳嗽,症状
76,低热,症状
77,鼻内镜检查,诊断方法
78,血清总 IgE、特异性 IgE 和皮肤点刺试验,诊断方法
79,病原学检查,诊断方法
80,冷和热皮肤温度反射,诊断方法
81,红外光反射,诊断方法
82,呼吸急促,症状
83,胸闷,症状
84,耳鼻喉科,科室
85,过敏反应专科,科室
86,变应性鼻炎 ：予以抗组胺药物、鼻喷糖皮质激素治疗,治疗
87,白三烯受体拮抗剂治疗,治疗
88,非变应性鼻炎 ：建议鼻内糖皮质激素（INGC）联合鼻内抗组胺药,治疗
89,含糖皮质激素,治疗
90,胺药物的复合喷雾,治疗
91,充分口服补液,治疗
92,按需退热、 生理盐水洗鼻（视频） / 喷鼻（视频）,治疗
93,感染性鼻炎,疾病
94,变应性鼻炎,疾病
95,新生儿黄疸,疾病
96,胆红素生成过多,病因
97,肠肝循环增加,病因
98,血清总胆红素值（TSB）,诊断方法
99,经皮胆红素值（TcB）,诊断方法
100,光照疗法,治疗
101,换血治疗,治疗
102,酶诱导剂,治疗
103,静注免疫球蛋白,治疗
104,益生菌,治疗
105,苯巴比妥,治疗
106,白蛋白,治疗
107,双歧杆菌三联活菌散,治疗
108,枯草杆菌二联活菌颗粒,治疗
109,益生菌（双歧杆菌,治疗
110,智能和运动方面的康复治疗,治疗
111,小儿腹泻,疾病
112,饥饿或过度喂养,病因
113,饮食不卫生,病因
114,食物过敏,病因
115,乳糖不耐受,病因
116,病菌或病毒感染,病因
117,抗生素,病因
118,气候突然变化,病因
119,感染性腹泻,病因
120,过敏性腹泻,病因
121,气候因素,病因
122,头晕耳鸣,症状
123,血常规,诊断方法
124,粪便常规,诊断方法
125,腹部超声,诊断方法
126,皮肤、黏膜,症状
127,面色苍白,症状
128,精神烦躁,症状
129,精神萎靡,症状
130,面色发灰,症状
131,皮肤发花,症状
132,精神极度萎靡,症状
133,四肢发冷,症状
134,口服补液法和静脉补液法,治疗
135,静脉补液法,治疗
136,氯化钠 2.6 克、氯化钾 1.5 克、枸橼酸钠 2.9 克、无水葡萄糖 13.5 克,治疗
137,抗感染治疗,治疗
138,益生菌治疗,治疗
139,肠黏膜保护剂,治疗
140,抗分泌治疗,治疗
141,脑啡肽酶抑制剂消旋卡多曲。 补锌治疗,治疗
142,急诊科,科室
143,感染性腹泻,疾病
144,非感染性腹泻,疾病
145,急性腹泻,疾病
146,迁延性腹泻,疾病
147,产前感染,疾病
148,接触传播,病因
149,医源性感染,病因
150,呻吟,症状
151,口吐泡沫,症状
152,呼吸暂停,症状
153,口唇或肢端青紫,症状
154,发热或低体温,症状
155,反复吐奶,症状
156,呛奶,症状
157,吃奶费力,症状
158,嗜睡,症状
159,四肢冰凉,症状
160,呼吸困难,症状
161,病原学检测,诊断方法
162,新生儿科,科室
163,吸痰保持呼吸道通畅,治疗
164,吸氧、营养等支持治疗,治疗
165,鼻炎,疾病
166,流鼻涕,症状
167,病毒和细菌的感染,病因
168,过敏,病因
169,药物,病因
170,毒物刺激,病因
171,慢性炎症反应,病因
172,鼻黏膜萎缩,病因
173,使用鼻用减充血剂,病因
174,抗抑郁药,病因
175,抗高血压药,病因
176,耳鼻咽喉科,科室
177,头痛,症状
178,头昏,症状
179,嗅觉下降,症状
180,鼾症,症状
181,睡眠缺氧,症状
182,张口呼吸,症状
183,智力及面部发育不良,症状
184,鼻镜检查,诊断方法
185,血常规检查,诊断方法
186,影像学检查,诊断方法
187,鼻用糖皮质激素,治疗
188,抗组胺药,治疗
189,鼻用减充血药,治疗
190,鼻腔冲洗,治疗
191,脱敏治疗,治疗
192,注射,治疗
193,舌下含服的滴剂,治疗
194,羟甲唑啉喷雾剂,治疗
195,布地奈德鼻喷剂,治疗
196,盐酸氮卓斯汀鼻喷剂,治疗
197,射频消融,治疗
198,鼻甲部分切除,治疗
199,填塞或内移术,治疗
200,急性鼻炎,疾病
201,慢性鼻炎,疾病
202,萎缩性鼻炎,疾病
203,药物性鼻炎,疾病
204,中耳炎,疾病
205,泪囊炎,疾病
206,支气管哮喘,疾病
207,手足口病,疾病
208,手、足、口和肛周皮肤小疱疹或小溃疡,症状
209,口腔、咽喉部疼痛,症状
210,心肌炎,症状
211,肺水肿,症状
212,无菌性脑膜炎,症状
213,病常见的病原体,病因
214,粪口途径传播,病因
215,手、足、口腔等部位的斑丘疹、疱疹,症状
216,流涕,症状
217,食欲不振,症状
218,口腔,症状
219,咽喉痛,症状
220,粉红色斑疹,症状
221,内容清亮,症状
222,红晕,症状
223,口腔病损,症状
224,精神差,症状
225,拒食,症状
226,易惊,症状
227,呕吐,症状
228,心率增快,症状
229,脑膜炎,症状
230,脑炎,症状
231,脑脊髓炎,症状
232,循环障碍,症状
233,惊厥,症状
234,阵挛,症状
235,肢体抖动,症状
236,站立不稳,症状
237,肌阵挛,症状
238,持续高热,症状
239,无力,症状
240,站立,症状
241,坐立不稳,症状
242,颈项强直,症状
243,呼吸异常,症状
244,循环功能障碍,症状
245,冷汗,症状
246,四肢发凉,症状
247,呼吸增快/减慢,症状
248,节律不整齐,症状
249,皮肤花纹,症状
250,心率增快（＞160 次 / 分）,症状
251,血压升高,症状
252,血常规（多数病例白细胞计数正常，部分病例白细胞计数、中性粒细胞比例及 C -反应蛋白可升高。）,诊断方法
253,隔离患儿,治疗
254,勤喝水,治疗
255,应用退热药物,治疗
256,淡盐水漱口,治疗
257,百多邦,治疗
258,清淡饮食,治疗
259,痱子,疾病
260,炉甘石洗剂外涂,治疗
261,高温湿热环境,病因
262,剧烈活动,病因
263,发热性疾病,病因
264,皮肤闷捂,病因
265,紫外线或电离辐射,病因
266,宽松透气的衣服,治疗
267,干毛巾擦汗,治疗
268,温水洗澡,治疗
269,外用清凉粉剂，如 1% 薄荷炉甘石洗剂 [4],治疗
270,他辅助药物,治疗
271,局部用皮质类固醇（如 0.05% 的地奈德乳膏、0.1% 丁酸氢化可的松乳膏,治疗
272,局部用抗生素（红霉素软膏、莫匹罗星软膏,治疗
273,局部用皮质类固醇：瘙痒刺痛难耐可局部用弱至中效的皮质类固醇乳膏或洗剂，如 0.05% 的地奈德乳膏、0.1% 丁酸氢化可的松乳膏,治疗
274,局部用抗生素,治疗
275,红霉素软膏,治疗
276,莫匹罗星软膏,治疗
277,一过性抽动障碍,疾病
278,心理治疗,治疗
279,神经递质失衡,病因
280,心理因素,病因
281,环境因素,病因
282,严重的心理因素诱发,病因
283,基因遗传,病因
284,血液微量元素测定、脑电图、脑部核磁共振或 CT,诊断方法
285,心理测定,诊断方法
286,血液微量元素测定,诊断方法
287,神经影像学（如磁共振和 CT）,诊断方法
288,血液微量元素,诊断方法
289,脑电图,诊断方法
290,神经影像学检查,诊断方法
291,调整环境因素,治疗
292,专科医生指导下进行药物和心理治疗 [3],治疗
293,阿立哌唑,治疗
294,氟哌啶醇 [3],治疗
295,电解质紊乱,疾病
296,饮食摄入不足,病因
297,电解质丢失过多,病因
298,急性或慢性感染,病因
299,内分泌疾病,病因
300,慢性疾病 （比如肾功能衰竭,病因
301,遗传性疾病,病因
302,恶心,症状
303,不适,症状
304,意识模糊,症状
305,癫痫发作,症状
306,昏迷,症状
307,呼吸停止,症状
308,乏力,症状
309,头晕,症状
310,走路不稳,症状
311,健忘,症状
312,软弱无力,症状
313,烦躁,症状
314,抽搐,症状
315,麻痹,症状
316,肢体麻木感觉,症状
317,极度疲乏,症状
318,肌肉酸痛,症状
319,肢体苍白,症状
320,肌无力,症状
321,肌麻痹,症状
322,心跳徐缓,症状
323,心跳不齐,症状
324,烦躁不安,症状
325,昏厥,症状
326,神志不清,症状
327,记忆力减退,症状
328,抑郁焦虑,症状
329,食欲减退,症状
330,恶心呕吐,症状
331,腹痛,症状
332,便秘,症状
333,抑郁,症状
334,步态不稳,症状
335,语言障碍,症状
336,听力和视力障碍,症状
337,口渴,症状
338,多饮,症状
339,多尿,症状
340,情感淡漠,症状
341,心跳过缓,症状
342,精神错乱,症状
343,肌肉麻痹,症状
344,呼吸抑制,症状
345,呕吐腹泻,病因
346,动脉血气分析化验,诊断方法
347,内分泌科,科室
348,肾脏内科,科室
349,贫血,疾病
350,失眠,症状
351,心慌,症状
352,皮肤黏膜苍白,症状
353,铁缺乏,病因
354,叶酸缺乏,病因
355,维生素 B12 缺乏,病因
356,妊娠,病因
357,长期接触 X 射线,病因
358,镭,病因
359,铁摄入不足,病因
360,铁吸收障碍,病因
361,铁丢失过多,病因
362,血型不相容,病因
363,疾病（弥散性血管内凝血、败血症、疟疾等）,病因
364,大面积烧伤,病因
365,亚硝酸盐中毒,病因
366,偏食,病因
367,胃切除术,病因
368,痔疮,病因
369,胃-十二指肠溃疡,病因
370,胃肠道肿瘤,病因
371,与母亲血型不合,病因
372,面色、睑结膜、甲床（指甲颜色）、口唇颜色等会变得苍白,症状
373,皮肤会出现粗糙、皲裂,症状
374,耳鸣,症状
375,晕厥,症状
376,视觉盲点,症状
377,记忆力下降,症状
378,肢端麻木,症状
379,哭闹不安,症状
380,呼吸加快加深,症状
381,气短,症状
382,端坐呼吸,症状
383,心跳加快,症状
384,消化不良,症状
385,腹胀,症状
386,腹泻,症状
387,吞咽异物,症状
388,异食癖,症状
389,少尿,症状
390,无尿,症状
391,月经周期紊乱,症状
392,月经量增多或减少,症状
393,免疫力减低,症状
394,血红蛋白浓度,诊断方法
395,营养史,诊断方法
396,月经史,诊断方法
397,既往史,诊断方法
398,用药史,诊断方法
399,危险因素暴露史,诊断方法
400,外周血常规,诊断方法
401,外周血涂片检查,诊断方法
402,骨髓检查,诊断方法
403,血清铁、叶酸、维生素 B12含量 测定，肝肾功能检查,诊断方法
404,基因检测,诊断方法
405,大便隐血试验,诊断方法
406,内镜检查,诊断方法
407,血液科,科室
408,硫酸亚铁,治疗
409,右旋糖酐铁,治疗
410,叶酸,治疗
411,维生素 B12,治疗
412,环孢素＋雄激素,治疗
413,糖皮质激素,治疗
414,泼尼松,治疗
415,地塞米松,治疗
416,手术治疗,治疗
417,脾切除术,治疗
418,造血干细胞移植,治疗
419,对症治疗,治疗
420,输血疗法,治疗
421,先天性心脏病,疾病
422,遗传,病因
423,近亲生育,病因
424,母亲怀孕早期患病毒感染性疾病或服用过致胎儿畸形作用的药物,病因
425,母亲患有糖尿病,病因
426,红斑狼疮等疾病,病因
427,母亲吸烟饮酒,病因
428,心力衰竭,症状
429,嘴唇发紫,症状
430,口唇发绀,症状
431,感冒,症状
432,生长发育迟缓,症状
433,喜欢蹲踞,症状
434,心脏杂音,症状
435,艾森曼格综合征,症状
436,超声心动图,诊断方法
437,心脏彩超,诊断方法
438,心外科开胸手术治疗,治疗
439,心内科介入手术治疗,治疗
440,药物只能缓解,治疗
441,心外科,科室
442,心内科,科室
443,滴虫阴道炎,疾病
444,外阴阴道假丝酵母菌病,病因
445,蛲虫感染,病因
446,细菌性阴道病,病因
447,TCT（宫颈细胞学检查）,诊断方法
448,抗菌药物,治疗
449,甲硝唑,治疗
450,替硝唑,治疗
451,克林霉素,治疗
452,停用广谱抗生素,治疗
453,全身应用抗真菌药物,治疗
454,甲硝唑和替硝唑,治疗
455,补充雌激素,治疗
456,雌三醇软膏 [2],治疗
457,局部雌激素乳膏,治疗
458,温和润肤剂（如白凡士林,治疗
459,克霉唑,治疗
460,妇科,科室
461,妇产科,科室
462,萎缩性阴道炎,疾病
463,多囊卵巢综合征,疾病
464,卵巢多囊性改变,病因
465,生活方式干预,病因
466,口服雌-孕激素药物治疗,治疗
467,体格检查,诊断方法
468,诊断性刮宫,诊断方法
469,腹腔镜检查,诊断方法
470,超声检查,诊断方法
471,内分泌检查,诊断方法
472,其他检查,诊断方法
473,空腹血糖和口服葡萄糖耐量实验,诊断方法
474,改变生活方式和药物治疗,治疗
475,改变生活方式,治疗
476,控制饮食和加强锻炼以减轻体重,治疗
477,诱导排卵的药物治疗,治疗
478,氯米芬,治疗
479,来曲唑,治疗
480,腹腔镜卵巢打孔手术,治疗
481,孕激素,治疗
482,地屈孕酮,治疗
483,口服避孕药,治疗
484,炔雌醇环丙孕酮片,治疗
485,雌孕激素周期序贯疗法：口服雌二醇,治疗
486,改善胰岛素抵抗： 二甲双胍,治疗
487,平衡膳食,治疗
488,宫颈癌,疾病
489,肿瘤科,科室
490,放疗科,科室
491,持续的人乳头瘤病毒（HPV）感染,病因
492,巴氏涂片,诊断方法
493,阴道镜检查 + 宫颈活检,诊断方法
494,宫颈脱落细胞学检查（TCT）,诊断方法
495,手术及放疗联合治疗,治疗
496,介入治疗,治疗
497,复发性呼吸道乳头瘤病,疾病
498,皮肤性病科,科室
499,细胞学检查、阴道镜检查,诊断方法
500,组织病理学检查,诊断方法
501,细胞学检查,诊断方法
502,HPV-DNA 分型检测,诊断方法
503,二代杂交捕获技术,诊断方法
504,酶切信号放大技术,诊断方法
505,荧光 PCR 技术,诊断方法
506,RNA 逆转录扩增法,诊断方法
507,阴道镜下病理活检,诊断方法
508,月经失调,疾病
509,如果每年月经周期少于 9 次，或月经周期超过 35 日就是月经稀发,症状
510,女性生殖内分泌失调,病因
511,功能失调性子宫出血,病因
512,多囊卵巢综合征,病因
513,高催乳素血症,病因
514,病理性闭经、原发性痛经,病因
515,生殖器官的疾病,病因
516,子宫内膜炎,病因
517,生殖器官肿瘤如子宫肿瘤,病因
518,卵巢肿瘤,病因
519,还有卵巢分泌雄性激素,病因
520,月经失调,病因
521,生殖器官发育异常,病因
522,先天无子宫,病因
523,先天无阴道,病因
524,先天阴道闭锁,病因
525,血液病（血小板减少,病因
526,高血压,病因
527,乳腺腺病,病因
528,结核病（输卵管结核、子宫内膜结核）,病因
529,甲状腺的功能异常,病因
530,肾上腺异常,病因
531,糖尿病,病因
532,肝功能异常,病因
533,减肥、节食,病因
534,精神心理因素,病因
535,长期持续的精神压抑,病因
536,烦闷,病因
537,劳累,病因
538,精神创伤,病因
539,心理刺激,病因
540,不良的生活习惯,病因
541,寒冷的天气穿着轻薄,病因
542,嗜烟嗜酒,病因
543,妇科的宫内节育器,病因
544,不规律服用避孕药,病因
545,长期服用神经精神类药物,病因
546,月经周期长短异常,症状
547,持续时间的异常：月经期出血的时间变长了或变短了,症状
548,月经出血量异常：月经期出血的量变多了或变少了,症状
549,月经前后伴随的一些异常的症状，比如小腹坠痛、胀闷、腰膝酸软等等,症状
550,痛经,症状
551,生理症状，如头痛、乳房胀痛、肢体浮肿,症状
552,精神症状，如精神紧张、情绪不稳定、注意力不集中、烦躁易怒、抑郁、失眠，思想不集中、工作效率低,症状
553,多囊卵巢综合征,症状
554,面部、颈部和胸部皮肤发红,症状
555,根据患者的临床表现,诊断方法
556,基本妇科检查,诊断方法
557,盆腔内诊检查,诊断方法
558,白带检查,诊断方法
559,子宫附件超声检查,诊断方法
560,性激素内分泌,诊断方法
561,宫颈液基细胞学检查,诊断方法
562,宫腔镜检查,诊断方法
563,雌孕激素类药物,治疗
564,每 3～6 个月定期到医院复查一次,治疗
565,乳腺彩超,治疗
566,盆腔彩超检查,治疗
567,病理性闭经,疾病
568,原发性闭经,疾病
569,生殖器疱疹,疾病
570,感染了单纯疱疹病毒（HSV,病因
571,典型的成片（集簇性）的水疱,症状
572,糜烂,症状
573,溃疡,症状
574,结痂,症状
575,红斑,症状
576,丘疹,症状
577,硬结,症状
578,皮肤擦破,症状
579,红肿,症状
580,皮损为成片或散在的疼痛性小水疱,症状
581,腹股沟淋巴结肿大,症状
582,皮肤灼烧感,症状
583,针刺感,症状
584,疼痛,症状
585,分泌物增加,症状
586,里急后重感,症状
587,生殖器出现溃疡,症状
588,微小的裂隙,症状
589,龟头生殖器疱疹,症状
590,尿潴留综合征,症状
591,盆腔炎,症状
592,腰骶部神经根炎,症状
593,流行病学史,诊断方法
594,病毒分离培养法,诊断方法
595,改良的病毒分离培养法,诊断方法
596,依赖性接触传播,病因
597,无法完全治愈,治疗
598,系统药物治疗,治疗
599,阿昔洛韦,治疗
600,伐昔洛韦,治疗
601,泛昔洛韦等抗病毒药物,治疗
602,抑制疗法,治疗
603,原发性生殖器疱疹,疾病
604,非原发性初发性生殖器疱疹,疾病
605,复发性生殖器疱疹,疾病
606,亚临床型生殖器疱疹,疾病
607,子宫肌瘤,疾病
608,腰酸背痛,症状
609,妇科检查,诊断方法
610,B 型超声,诊断方法
611,磁共振（MRI）,诊断方法
612,盐水灌注超声,诊断方法
613,促性腺激索释放激素类似物（GnRH-a）,治疗
614,醋酸亮丙瑞林,治疗
615,曲普瑞林,治疗
616,米非司酮,治疗
617,氨甲环酸,治疗
618,复方口服避孕药（COC）,治疗
619,高能聚焦超声,诊断方法
620,卵巢癌,疾病
621,妇科肿瘤科,科室
622,盆腔彩超,诊断方法
623,贝伐单抗,治疗
624,PARP-1 抑制剂,治疗
625,生物免疫治疗,治疗
626,细胞因子活化杀伤细胞（CIK）,治疗
627,全身体格检查,诊断方法
628,癌前病变,疾病
629,内分泌紊乱,病因
630,物理化学刺激,病因
631,局部刺激因素,病因
632,生活饮食习惯,病因
633,组织病理检查,诊断方法
634,大便常规,诊断方法
635,B 超检查,诊断方法
636,口腔科,科室
637,消化内科,科室
638,甲乳外科,科室
639,感染科,科室
640,杀菌治疗,治疗
641,四联疗法（四联疗法,治疗
642,抗病毒治疗,治疗
643,服用抗肝炎病毒药物,治疗
644,不孕症,疾病
645,排卵障碍,病因
646,输卵管因素,病因
647,子宫因素,病因
648,宫颈因素,病因
649,外阴及阴道因素,病因
650,不明原因,病因
651,垂体或下丘脑的原因 ： 卵巢的上级指挥系统（垂体或下丘脑）功能异常,病因
652,内分泌系统疾病,病因
653,衣原体感染引起,病因
654,子宫内膜遭到破坏,病因
655,阴道内环境问题,病因
656,精子免疫,病因
657,女方体液免疫异常,病因
658,子宫内膜局部细胞免疫异常,病因
659,卵巢功能检查,诊断方法
660,输卵管通畅性检查,诊断方法
661,垂体磁共振扫描,诊断方法
662,基础体温监测,诊断方法
663,观察宫颈黏液,诊断方法
664,排卵试纸,诊断方法
665,促进卵泡发育,治疗
666,刺激黄体功能,治疗
667,补充黄体功能,治疗
668,精子自身免疫异常,治疗
669,皮质类固醇类免疫抑制剂。 精子同种免疫异常 ： 局部隔绝法,治疗
670,皮质类固醇类免疫抑制剂。 女方体液免疫异常,治疗
671,小剂量的阿司匹林或者肝素,治疗
672,促排卵治疗 。 人工授精,治疗
673,性高潮障碍,疾病
674,伴侣关系方面 ：夫妻感情不和而产生的反感的情绪，婚外性行为造成的疏离或负罪感等,病因
675,个体方面 ：不正确的性观念，性虐待或情感虐待史，长期负性事件及压力造成持续疲劳,病因
676,文化或宗教因素 ：如文化和宗教有关的性禁忌,病因
677,个性特点,病因
678,生活经历,病因
679,应激事件,病因
680,心理社会因素,病因
681,完全缺失性高潮,症状
682,性高潮延迟,症状
683,体验到的性高潮程度较轻,症状
684,即将出现性高潮，但虽然持续刺激仍未达到高峰或解决的感觉,症状
685,性高潮明显延迟、频率明显减少或缺失,症状
686,性高潮感的强度明显降低,症状
687,药物和物质导致的疾病,诊断方法
688,盆腔手术,诊断方法
689,精神心理科,科室
690,泌尿科,科室
691,其伴侣可能存在的性功能障碍，以及使其伴侣参与处理情感问题,治疗
692,联合心理治疗师、性治疗师或盆腔物理治疗师以解决治疗的具体问题,治疗
693,心理咨询或心理治疗,治疗
694,性治疗和伴侣治疗,治疗
695,自我刺激治疗,治疗
696,性伴侣运用性治疗的性感集中训练,治疗
697,先兆流产,疾病
698,胚胎异常,病因
699,全身性疾病 ：如感染、贫血、慢性肾炎、严重营养不良,病因
700,内分泌异常,病因
701,免疫功能异常,病因
702,不良习惯,病因
703,子宫缺陷,病因
704,创伤刺激,病因
705,过度恐惧,病因
706,忧伤,病因
707,愤怒精神创伤,病因
708,化学物质（甲醛、苯、铅）及各种电离辐射,病因
709,阴道少量出血,症状
710,暗红色,症状
711,腹部疼痛,症状
712,绞痛,症状
713,持续疼痛,症状
714,无胎心,症状
715,胎心消失,症状
716,早孕期见红,症状
717,血量继续增多,症状
718,腹痛加剧,症状
719,宫口扩张,症状
720,产科,科室
721,卧床休息,治疗
722,调整心态,治疗
723,补充黄体,治疗
724,甲状腺功能减退，可补充甲状腺片,治疗
725,子宫畸形或肌瘤，则应在准备怀孕前进行整形手术,治疗
726,早期流产,疾病
727,晚期流产,疾病
728,自然流产,疾病
729,人工流产,疾病
730,难免流产,疾病
731,不全流产,疾病
732,妊娠期糖尿病,疾病
733,羊水过少,疾病
734,早期妊娠,疾病
735,妇产科或产科,科室
736,妊娠试验,诊断方法
737,基础体温,诊断方法
738,宫颈粘液检查,诊断方法
739,染色体异常,病因
740,异位妊娠,疾病
741,输卵管炎症,病因
742,辅助生殖技术,治疗
743,避孕失败,病因
744,宫内节育器避孕失败,病因
745,不孕症,病因
746,子宫内膜异位症,病因
747,性传播性疾病,病因
748,子宫肌瘤或卵巢肿瘤压迫输卵管,病因
749,血 hCG 测定,诊断方法
750,孕酮测定,诊断方法
751,阴道后穹窿穿刺,诊断方法
752,血液检查,诊断方法
753,甲氨蝶呤（MTX）治疗,治疗
754,保守手术,治疗
755,根治性手术,治疗
756,根治手术,治疗
757,甲氨蝶呤药物治疗,治疗
758,生化妊娠,疾病
759,胚胎染色体异常,病因
760,黄体功能不好,病因
761,一次延迟的月经来潮,症状
762,hCG 未能正常升高,症状
763,通常不需要治疗,治疗
764,生化妊娠中出现的 hCG 阳性,诊断方法
765,妊娠剧吐,疾病
766,严重脱水,症状
767,可导致维生素 B1 的缺乏,症状
768,眼球震颤,症状
769,视力障碍,症状
770,共济失调,症状
771,急性期言语增多,症状
772,精神迟钝,症状
773,木僵,症状
774,Wernicke 综合征,症状
775,妊娠早期体内激素水平的变化,病因
776,社会因素,病因
777,幽门螺杆菌的感染,病因
778,蛋白尿,症状
779,葡萄胎,症状
780,是否需要住院治疗,诊断方法
781,没有一个明确的诊断标准,诊断方法
782,尿液检查,诊断方法
783,眼底检查,诊断方法
784,神经系统检查,诊断方法
785,补充维生素治疗,治疗
786,维生素 B6- 琥珀酸多西拉敏复方药物,治疗
787,苯海拉明,治疗
788,美克洛嗪,治疗
789,多巴胺拮抗剂(丙氯拉嗪、甲氧氯普胺),治疗
790,昂丹司琼治疗恶心和呕吐,治疗
791,复发性流产,疾病
792,胚胎因素,病因
793,母体因素,病因
794,父亲因素,病因
795,父母染色体异常引起的胚胎染色体异常,病因
796,母体因素 疾病因素,病因
797,孕妇患全身性疾病,病因
798,严重感染,病因
799,严重贫血,病因
800,心力衰竭,病因
801,恶性肿瘤,病因
802,黄体功能不全,病因
803,甲状腺功能减退,病因
804,自身免疫性疾病,病因
805,干燥综合征,病因
806,生殖器异常,病因
807,强烈应激与不良习惯,病因
808,辅助检查,诊断方法
809,计划生育科,科室
810,宫缩抑制剂治疗,治疗
811,急性湿疹,疾病
812,外用糖皮质激素,治疗
813,针尖至小米大小的红斑,症状
814,皮肤表面微生物群落改变,病因
815,遗传因素和环境因素,病因
816,刺激物质,病因
817,过敏物质,病因
818,反复湿性作业,病因
819,特应性皮炎,病因
820,病因 / 机制 特应性皮炎 病因就是「特应性」体质,病因
821,某些免疫反应出现异常,病因
822,遗传和环境的影响 接触性皮炎 接触刺激或者过敏的物质引起的湿疹性改变 钱币状湿疹,病因
823,皮肤发红,症状
824,瘙痒感,症状
825,手部湿疹,症状
826,阴囊湿疹,症状
827,肛周湿疹,症状
828,瘙痒感 - 阴囊湿疹 阴囊皮肤,症状
829,抗真菌药物,治疗
830,地奈德乳膏,治疗
831,丁酸氢化可的松乳膏,治疗
832,糠酸莫米松乳膏,治疗
833,卤米松乳膏,治疗
834,抗组胺药物,治疗
835,氯雷他定,治疗
836,西替利嗪,治疗
837,亚急性湿疹,疾病
838,急性湿疹 亚急性湿疹 慢性湿疹,疾病
839,特应性皮炎,疾病
840,接触性皮炎,疾病
841,自体敏感性湿疹,疾病
842,感染性湿疹样皮炎,疾病
843,痤疮,疾病
844,改善生活方式,治疗
845,口服药物甚至物理化学治疗,治疗
846,家人和朋友的理解与关爱,治疗
847,应激因素,病因
848,精神因素,病因
849,压力过大,病因
850,皮肤科检查,诊断方法
851,局部皮肤 CT,诊断方法
852,性激素水平测定,诊断方法
853,抗雄激素治疗,治疗
854,调整生活方式： 改变不良的饮食和生活习惯，学会正确地清洁和护理皮肤，详见下文的「生活」。 药物治疗,治疗
855,外用药物和口服药物治疗,治疗
856,物理与化学治疗,治疗
857,激光与光子治疗,治疗
858,化学剥脱治疗,治疗
859,心理辅导,治疗
860,有无炎症后色素沉着,治疗
861,女性月经情况和雄激素过多体征,治疗
862,外用维 A 酸类药物,治疗
863,维 A 酸乳膏,治疗
864,阿达帕林凝胶,治疗
865,他扎罗汀乳膏,治疗
866,过氧苯甲酰,治疗
867,外用抗生素,治疗
868,夫西地酸,治疗
869,壬二酸,治疗
870,水杨酸,治疗
871,口服抗菌药物,治疗
872,四环素类,治疗
873,大内环酯类（如罗红霉素、阿奇霉素,治疗
874,口服异维 A 酸,治疗
875,抗雄性激素药物,治疗
876,复方口服避孕药,治疗
877,2.5% 过氧化苯甲酰,治疗
878,0.1% 阿达帕林凝胶,治疗
879,0.05% 维 A 酸凝胶,治疗
880,抗菌药 ：如红霉素或阿奇霉素,治疗
881,过氧化苯甲酰,治疗
882,过氧苯甲酰或者维A酸类药物,治疗
883,维持治疗，外用维 A 酸类药物,治疗
884,物理与化学疗法治疗,治疗
885,清除粉刺,治疗
886,激光与强脉冲光,治疗
887,汗疱疹,疾病
888,手指和 / 或脚趾边缘的米粒大小的水疱，反复发生，瘙痒明显，有时还有烧灼感。,症状
889,皮肤湿疹样反应,病因
890,遗传：多为散发，也有少数汗疱疹呈现家族聚集发病,病因
891,真菌感染：真菌感染可能是汗疱疹的危险因素之一，,病因
892,接触性刺激,病因
893,日光照射,病因
894,多汗症：多汗症可能是诱因之一,病因
895,精神因素：心理压力大的患者，病情较重且患病较早,病因
896,汗疱疹一般春末夏初开始发病，夏季最严重，天气转凉时病情变轻，冬天基本不发病,病因
897,发病部位常在手掌/脚掌、手指/脚指侧面或指端皮肤，典型的表现是许多米粒到绿豆大小的深在的水疱，疱周无明显的发红,症状
898,水疱一般成群发生，并且左右手足对称发病,症状
899,水疱壁厚，水疱内含有清澈的疱液，可能会伴有不同程度的瘙痒或烧灼感,症状
900,水疱一般不会自己破裂，经过 2～3 周后会干涸脱皮，露出薄嫩的皮肤，这时可能会觉得疼痛。 严重的时候，水疱会融合、变大。 汗疱疹会反复发作，有时旧疱未愈新疱又起。,症状
901,真菌检查,诊断方法
902,毛癣菌素皮试,诊断方法
903,过敏原检测,诊断方法
904,1% 酚炉甘石洗剂外擦,治疗
905,糖皮质激素霜剂或软膏,治疗
906,曲安奈德尿素软膏,治疗
907,2%～5% 的水杨酸软膏,治疗
908,10% 尿素脂,治疗
909,口服强的松或抗组胺药,治疗
910,光疗,治疗
911,荨麻疹,疾病
912,全身散在或成片的风团（皮肤表面的水肿性隆起）,症状
913,明显瘙痒,症状
914,皮疹突然出现,症状
915,免疫抑制剂,治疗
916,环孢素,治疗
917,甲氨蝶呤,治疗
918,并发喉头水肿,症状
919,支气管痉挛,症状
920,过敏性休克,症状
921,咽喉部梗塞感,症状
922,气促,症状
923,药物：青霉素、头孢及其他药物,病因
924,食物：鱼、虾、海鲜等食物及各种食品添加剂,病因
925,吸入物：花粉、动物皮毛、刺激性气体等吸入物,病因
926,感染因素：细菌、病毒、寄生虫等引起的感染,病因
927,机械刺激、冷、热、日光等物理因素,病因
928,精神紧张、内分泌改变等,病因
929,肿瘤、甲亢、肝病、各种自身免疫性疾病等内科疾病,病因
930,风团,症状
931,便血,症状
932,关节疼痛,症状
933,四肢冰冷,症状
934,临床特点,诊断方法
935,出现迅速发生和消退且不留痕迹,诊断方法
936,肝肾功能,诊断方法
937,免疫球蛋白,诊断方法
938,特异性诊断试验,诊断方法
939,划痕测试,诊断方法
940,光敏试验,诊断方法
941,冰块试验,诊断方法
942,免疫球蛋白,治疗
943,葡萄糖酸钙,治疗
944,维生素 C,治疗
945,急性荨麻疹,疾病
946,慢性荨麻疹,疾病
947,人工荨麻疹,疾病
948,迟发性压力性荨麻疹,疾病
949,寒冷性荨麻疹,疾病
950,热源性荨麻疹,疾病
951,日光性荨麻疹,疾病
952,胆碱能性荨麻疹,疾病
953,振动性荨麻疹,疾病
954,水源性荨麻疹,疾病
955,接触性荨麻疹,疾病
956,运动性荨麻疹,疾病
957,尖锐湿疣,疾病
958,性病科,科室
959,泌尿外科,科室
960,醋酸白试验,诊断方法
961,皮肤镜检查,诊断方法
962,阴道窥器,诊断方法
963,组织病理活检,诊断方法
964,核酸扩增试验,诊断方法
965,鬼臼毒素酊,治疗
966,咪喹莫特乳膏,治疗
967,三氯醋酸或二氯醋酸液,治疗
968,内服药物,治疗
969,口服干扰素,治疗
970,物理治疗,治疗
971,高频电治疗,治疗
972,液氮冷冻,治疗
973,三氯醋酸溶液,治疗
974,外科手术切除,治疗
975,皮损内注射干扰素 [1],治疗
976,免疫疗法,治疗
977,带状疱疹,疾病
978,剧烈头痛,症状
979,眼红,症状
980,视物模糊,症状
981,疼痛科,科室
982,抗病毒药物,治疗
983,泛昔洛韦,治疗
984,止痛药物,治疗
985,非甾体类抗炎药（如双氯芬酸钠）,治疗
986,钙离子通道调节剂（如加巴喷丁）,治疗
987,足癣,疾病
988,心悸,症状
989,自身因素与环境,病因
990,真菌繁殖引起了炎症反应,病因
991,典型症状表现和真菌学检查结果,诊断方法
992,真菌镜检,诊断方法
993,真菌培养,诊断方法
994,外用药治疗,治疗
995,口服药治疗,治疗
996,咪唑类抗真菌药,治疗
997,咪康唑乳膏,治疗
998,酮康唑乳膏,治疗
999,克霉唑乳膏,治疗
1000,丙烯胺类抗真菌药,治疗
1001,盐酸特比奈芬乳膏,治疗
1002,盐酸布替萘芬,治疗
1003,阿莫罗芬、环吡酮胺,治疗
1004,无刺激的溶液或乳膏,治疗
1005,口服药物,治疗
1006,特比萘芬,治疗
1007,伊曲康唑,治疗
1008,口服抗生素,治疗
1009,瘢痕,疾病
1010,电击伤,病因
1011,刀割伤,病因
1012,温哥华瘢痕量表（VSS）,诊断方法
1013,患者和观察者瘢痕评估量表（POSAS）,诊断方法
1014,美容整形科,科室
1015,加压及药物治疗 ： 外用药物,治疗
1016,复方肝素钠尿囊素凝胶（康瑞保）,治疗
1017,维生素 A,治疗
1018,维生素 E,治疗
1019,1-25 双羟维生素 D3,治疗
1020,硅凝胶治疗,治疗
1021,药物注射治疗 ： 激素治疗：复方倍他米松注射液,治疗
1022,曲安奈德,治疗
1023,化疗药物：氟尿嘧啶,治疗
1024,平阳霉素和秋水仙碱,治疗
1025,激光治疗,治疗
1026,脉冲染料激光,治疗
1027,光动力疗法,治疗
1028,冷冻治疗,治疗
1029,放射治疗,治疗
1030,瘢痕切除缝合,治疗
1031,皮肤磨削术,治疗
1032,皮内注射糖皮质激素,治疗
1033,硅凝胶膜联合皮内糖皮质激素治疗,治疗
1034,硅凝胶膜联合压力疗法,治疗
1035,瘢痕疙瘩,疾病
1036,大量成纤维细胞的增生和胶原蛋白的合成,症状
1037,常见表现为皮肤上出现高出皮面的坚实的隆起皮疹，淡红或红色，质硬，表面光滑并可见到细小毛细血管扩张，以后可持续性或间断性生长数月或数年，形成不规则外观，有时如蟹足状。 主要好发部位为胸背部、上臂及臀部，女性病人还可见于穿耳洞处。,症状
1038,疾病典型皮疹的发展特点及临床表现即可诊断,诊断方法
1039,皮肤组织病理检查,诊断方法
1040,局部封闭（局部注射皮质类固醇类药物）,治疗
1041,液氮冷冻治疗,治疗
1042,音频电疗,治疗
1043,局部放射治疗,治疗
1044,硅凝胶外贴疗法,治疗
1045,局部封闭,治疗
1046,皮肤在受到创伤、某些机械性刺激（如搔抓，抠挠等）后，或皮肤在发生某些炎症性疾病后，自我修复过程中反应过度的一种病理情况,病因
1047,原发型瘢痕疙瘩,疾病
1048,继发型瘢痕疙瘩,疾病
1049,包皮龟头炎,疾病
1050,由细菌、阿米巴、滴虫、支原体、白色念珠菌、衣原体、淋病双球菌或其他细菌感染,病因
1051,包皮过长,病因
1052,翻转不良,病因
1053,清洁不够,病因
1054,局部其他刺激,病因
1055,包皮过长,症状
1056,龟头发红,症状
1057,尿道口肿胀,症状
1058,包皮垢增多,症状
1059,有分泌物,症状
1060,化脓,症状
1061,异味,症状
1062,伴瘙痒,症状
1063,灼痛感,症状
1064,尿频,症状
1065,尿急,症状
1066,尿痛,症状
1067,癌变,症状
1068,龟头充血糜烂,症状
1069,破损,症状
1070,Reiter 病（尿道-眼-滑膜综合征）,症状
1071,小疱疹,症状
1072,糜烂面,症状
1073,滴虫,症状
1074,损害呈红斑或斑片状,症状
1075,龟头损害,症状
1076,逐渐浸润肥厚,症状
1077,分泌物涂片可找到阿米巴原虫,症状
1078,组织坏死,症状
1079,血生化检,诊断方法
1080,尿常规检查,诊断方法
1081,滴虫镜检,诊断方法
1082,衣原体支原体检查,诊断方法
1083,淋球菌镜检和培养,诊断方法
1084,分泌物细菌培养加药敏,诊断方法
1085,分泌物涂片,诊断方法
1086,活检术加病理检查,诊断方法
1087,苦参凝胶法,治疗
1088,克霉唑乳膏法,治疗
1089,口服伊曲康唑胶囊,治疗
1090,中药液外洗包皮龟头进行治疗,治疗
1091,外搽糖皮质激素药膏,治疗
1092,非激素类治疗皮炎湿疹的外用药,治疗
1093,选择敏感抗菌药物,治疗
1094,口服抗组胺药物,治疗
1095,外搽糖皮质激素类药膏,治疗
1096,非激素类外用药,治疗
1097,金霉素软膏,治疗
1098,百多邦软膏,治疗
1099,呋喃西林粉,治疗
1100,红霉素软膏联合康复新液,治疗
1101,苯扎氯铵溶液,治疗
1102,包皮环切术治疗,治疗
1103,抗真菌药,治疗
1104,氟康唑,治疗
1105,酮康唑,治疗
1106,感染性包皮龟头炎,疾病
1107,非感染性包皮龟头炎,疾病
1108,急性浅表性包皮龟头炎,疾病
1109,环状溃烂性包皮龟头炎,疾病
1110,白色念珠菌性包皮龟头炎,疾病
1111,滴虫性包皮龟头炎,疾病
1112,浆细胞性包皮龟头炎,疾病
1113,坏疽性包皮龟头炎,疾病
1114,闭塞性干燥性包皮龟头炎,疾病
1115,阿米巴性包皮龟头炎,疾病
1116,云母状和角化性假上皮瘤性龟头炎,疾病
1117,原发性表皮囊肿,疾病
1118,活体组织病理检查,诊断方法
1119,软组织彩超检查,诊断方法
1120,细菌培养,诊断方法
1121,皮肤外科,科室
1122,普外科,科室
1123,抗感染治疗（如口服头孢呋辛、头孢拉定、阿奇霉素等药物）,治疗
1124,继发性表皮囊肿,疾病
1125,扁平疣,疾病
1126,水杨酸、维 A 酸、咪喹莫特和氟尿嘧啶,治疗
1127,维 A 酸软膏（如阿达帕林凝胶）,治疗
1128,5% 咪喹莫特乳膏,治疗
1129,干扰素凝胶,治疗
1130,5-氟尿嘧啶乳膏,治疗
1131,局部点涂化学腐蚀剂（如三氯醋酸）,治疗
1132,注射类药物,治疗
1133,干扰素注射剂,治疗
1134,卡介菌多糖核酸注射剂,治疗
1135,注射用胸腺五肽,治疗
1136,左旋咪唑片,治疗
1137,咪喹莫特,治疗
1138,氟尿嘧啶,治疗
1139,三氯醋酸,治疗
1140,传染性软疣,疾病
1141,炉甘石药水止痒,治疗
1142,病理检查,诊断方法
1143,物理治疗 ： 刮除术,治疗
1144,化学治疗 ： 斑鳌素,治疗
1145,氢氧化钾,治疗
1146,疣涂剂,治疗
1147,火棉胶或丙烯酸基质制成的 15%～20% 水杨酸制剂,治疗
1148,免疫治疗 ： 咪喹莫特,治疗
1149,5% 咪喹莫特霜剂,治疗
1150,念珠菌素,治疗
1151,传染性湿疹样皮炎,疾病
1152,结痂和鳞屑,症状
1153,皮肤科或外科,科室
1154,清创换药,治疗
1155,抗组胺药物治疗,治疗
1156,外用糖皮质激素或外用型抗生素,治疗
1157,唇炎,疾病
1158,口唇及其周围皮肤肿胀、干燥、脱皮、瘙痒、疼痛,症状
1159,直接接触于口唇的物质（例如：唇膏、牙膏、金属、橡胶制品、假牙等）,病因
1160,日光照射和风吹,病因
1161,个人习惯性舔唇,病因
1162,情绪（例如：焦虑，抑郁等）,病因
1163,吸烟,病因
1164,辛辣以及过热食物,病因
1165,接触过敏原或者一些致敏物质,病因
1166,外伤,病因
1167,根尖病灶,病因
1168,身处高寒地区,病因
1169,剥脱性唇炎：上下唇干燥、结痂、皲裂及出血,症状
1170,光化性唇炎：下唇干燥、结痂、皲裂,症状
1171,肉芽肿性唇炎：下唇弥漫性实质性肿胀,症状
1172,急性期唇炎：可见唇黏膜红肿、水疱、糜烂、脱皮或淌水，结痂等表现；,症状
1173,慢性期唇炎：可见唇黏膜红肿、肥厚、表面弹性差、裂口,症状
1174,真菌涂片及镜检,诊断方法
1175,敏源检测,诊断方法
1176,斑贴试验,诊断方法
1177,皮肤 CT 检查,诊断方法
1178,口腔黏膜科,科室
1179,接触性唇炎：即接触某些物质（例如唇膏、牙膏等）引起的唇炎，治疗方面首先要去除病因，即避免与刺激物接触,治疗
1180,药物治疗（例如外用糖皮质激素类制剂，口服抗组胺药物等）,治疗
1181,光化性唇炎：即日晒后引起的唇炎，治疗上首先是避光，防晒，可使用具有吸收、反射和遮蔽光线作用的防晒剂，并需在医生指导下使用药物；,治疗
1182,物理疗法，如采用二氧化碳激光照射，冷冻或光动力疗法等,治疗
1183,剥脱性唇炎：去除病因，依据不同类型皮疹选择外用药物（例如他克莫司乳膏，糖皮质激素制剂等）,治疗
1184,接触性唇炎,疾病
1185,光线性唇炎,疾病
1186,剥脱性唇炎,疾病
1187,腺性唇炎,疾病
1188,良性淋巴增生性唇炎,疾病
1189,肉芽肿性唇炎,疾病
1190,光化性唇炎,疾病
1191,变态反应性唇炎,疾病
1192,慢性非特异性唇炎,疾病
1193,带状疱疹后神经痛,疾病
1194,PHN 疼痛剧烈,症状
1195,烧灼,症状
1196,电击,症状
1197,刀割,症状
1198,针刺,症状
1199,撕裂样,症状
1200,情感,症状
1201,睡眠,症状
1202,生命质量损害,症状
1203,鞘内注射,治疗
1204,外科疗法,治疗
1205,带状疱疹是水痘-带状疱疹病毒再激活,病因
1206,累及区域明显疼痛感,症状
1207,烧灼痛,症状
1208,放射性疼痛,症状
1209,牵拉痛,症状
1210,诱发痛,症状
1211,生活质量显著下降,症状
1212,焦虑,症状
1213,躁狂,症状
1214,心理社会问题,症状
1215,询问病史,诊断方法
1216,心电图,诊断方法
1217,心肌酶谱,诊断方法
1218,胸腹部 CT 或超声,诊断方法
1219,头颅 CT 或 MRI,诊断方法
1220,神经内科,科室
1221,三环类抗抑郁药（阿米替林、去甲阿米替林）,治疗
1222,钙离子通道调节剂（普瑞巴林和加巴喷丁）,治疗
1223,5% 利多卡因贴剂,治疗
1224,阿片类药物（羟考酮、吗啡、美沙酮）,治疗
1225,曲马多,治疗
1226,辣椒素贴剂,治疗
1227,联合治疗,治疗
1228,5% 利多卡因局部贴剂联合普瑞巴林系统用药,治疗
1229,系统用药之间联合,治疗
1230,加巴喷丁 / 三环类抗抑郁药、吗啡 / 加巴喷丁联合使用,治疗
1231,外科干预包括电刺激丘脑、脊髓前外侧切断术和后根电凝固术,治疗
1232,黑色素瘤,疾病
1233,创伤和刺激,病因
1234,化学致癌物质,病因
1235,日光过度照射,病因
1236,日光敏感基因或特异性黑色素瘤易感基因的遗传,病因
1237,创伤和人为刺激,病因
1238,有家族史人群,病因
1239,长期紫外线照射,病因
1240,恶性黑色素瘤,病因
1241,皮损组织病理学检查,诊断方法
1242,织化学检测,诊断方法
1243,扩大切除术,治疗
1244,化学治疗,治疗
1245,达卡巴嗪,治疗
1246,放疗,治疗
1247,免疫治疗,治疗
1248,注射多效价细胞疫苗,治疗
1249,多肽疫苗,治疗
1250,前哨淋巴结活检及淋巴结清扫术,治疗
1251,急性甲沟炎,疾病
1252,急性甲沟炎,病因
1253,继发金黄色葡萄球菌或者念珠菌感染,病因
1254,显微镜真菌检查,诊断方法
1255,病理学检查,诊断方法
1256,杀菌消炎,治疗
1257,杀菌消炎的外用消毒防腐剂,治疗
1258,鱼石脂软膏,治疗
1259,抗生素软膏,治疗
1260,莫匹罗星乳膏,治疗
1261,夫西地酸乳膏,治疗
1262,局部照射氦氖激光,治疗
1263,半导体激光,治疗
1264,外用咪康唑乳膏,治疗
1265,联苯苄唑乳膏,治疗
1266,伊曲康唑胶囊,治疗
1267,结节性痒疹,疾病
1268,局部外用糖皮质激素药膏,治疗
1269,精神神经因素,病因
1270,遗传易过敏的体质,病因
1271,利多卡因溶液,治疗
1272,局部外用药物 糖皮质激素类药物,治疗
1273,0.05% 丙酸氟替卡松乳膏,治疗
1274,新适确得乳膏,治疗
1275,复方氟米松软膏,治疗
1276,曲安奈德贴膏,治疗
1277,醋酸氟轻松酊,治疗
1278,钙调磷酸酶抑制剂,治疗
1279,他克莫司软膏,治疗
1280,卡泊三醇,治疗
1281,卡泊三醇软膏。 止痒剂 ：涂抹止痒剂比如 1％ 的薄荷醇或石炭酸乳剂,治疗
1282,保湿剂,治疗
1283,素 E 乳膏,治疗
1284,局部注射,治疗
1285,糖皮质激素药物局部注射治疗,治疗
1286,局部注射曲安奈德（1 次 / 2 周）,治疗
1287,得宝松（1 次 / 3～4 周）,治疗
1288,紫外线疗法 紫外线疗法,治疗
1289,窄谱 UVB,治疗
1290,系统治疗 抗组胺治疗,治疗
1291,沙利度胺,治疗
1292,环孢素和甲氨蝶呤,治疗
1293,白介素-31 受体拮抗剂,治疗
1294,皮赘,疾病
1295,整形美容科,科室
1296,激素水平变化,病因
1297,冷冻疗法,治疗
1298,电灼术,治疗
1299,色素痣,疾病
1300,由黑素细胞在局部聚集形成，是一种良性错构瘤病（局部正常组织由于错误的排列组合，形成了类似肿瘤样的畸形，但并非正真的肿瘤）,病因
1301,直观来看色素痣为长在皮肤的肿物，可为扁平或略隆起的斑疹、丘疹，也可呈半球状、乳头状、结节或带蒂状的皮损,症状
1302,痣的颜色在短期内变黑或者加深发亮,症状
1303,痣的体积在短期内突然增大,症状
1304,痣的表面出现糜烂、溃疡、结痂、出血或肿胀。 痣的部位出现疼痛或瘙痒,症状
1305,痣的周围出现卫星病灶（在一个色素痣的周围又长出多个小的皮损）,症状
1306,痣附近出现淋巴结肿大,症状
1307,典型临床表现就可诊断,诊断方法
1308,皮肤镜,诊断方法
1309,非手术治疗 ： 激光，冷冻，电灼等。,治疗
1310,手术治疗 ： 是治疗色素痣的首选方法也是主要方法,治疗
1311,交界痣,疾病
1312,混合痣,疾病
1313,皮内痣,疾病
1314,烫伤,疾病
1315,接触火焰,病因
1316,沸水,病因
1317,热油,病因
1318,蒸汽,病因
1319,热金属,病因
1320,化学物质,病因
1321,长期使用热水袋,病因
1322,暖宝宝等温度相对较高的物品,病因
1323,Ⅰ 度,症状
1324,浅 Ⅱ 度,症状
1325,深 Ⅱ 度,症状
1326,Ⅲ 度,症状
1327,仅伤及皮肤表皮浅层,症状
1328,红斑状,症状
1329,干燥,症状
1330,有烧灼感,症状
1331,生发层和真皮乳头层,症状
1332,创面红润,症状
1333,潮湿,症状
1334,疼痛明显,症状
1335,色素沉着,症状
1336,真皮乳头层以下,症状
1337,有水疱,症状
1338,红白相间,症状
1339,痛觉较迟钝,症状
1340,全皮层毁损甚至伤及肌肉或骨骼,症状
1341,创面无水疱,症状
1342,蜡白,症状
1343,焦黄,症状
1344,炭化,症状
1345,硬如皮革,症状
1346,无渗液,症状
1347,痛觉消失,症状
1348,低血容量性休克,症状
1349,呼吸浅快,症状
1350,尿量减少,症状
1351,口渴难忍,症状
1352,肢端发冷,症状
1353,心理健康造成影响,症状
1354,眼睑闭合障碍（上下眼睑闭合不全）,症状
1355,耳廓畸形,症状
1356,口角歪斜,症状
1357,关节畸形,症状
1358,活动受限,症状
1359,受伤史,诊断方法
1360,血生化,诊断方法
1361,血气分析检查,诊断方法
1362,问诊及体格检查,诊断方法
1363,血常规（判断是否存在感染、贫血等情况）,诊断方法
1364,血生化（判断肝功能、肾功能、血糖、电解质是否正常）,诊断方法
1365,凝血功能,诊断方法
1366,血气分析（从动脉处抽取少量血液进行分析，判断酸碱平衡状态和肺换气功能是否正常）,诊断方法
1367,烧伤科,科室
1368,去除热源,治疗
1369,冷水冲洗,治疗
1370,保护创面,治疗
1371,及时就医,治疗
1372,止痛,治疗
1373,补液,治疗
1374,抗休克治疗,治疗
1375,创面可用 1:1 000 苯扎溴铵或 1:2 000 氯己定清洗移除异物,治疗
1376,消毒空针抽去水疱液,治疗
1377,深度烧伤的水疱皮应予清除,治疗
1378,静脉补液,治疗
1379,口服镇痛药,治疗
1380,布洛芬,治疗
1381,对乙酰氨基酚,治疗
1382,抗生素治疗,治疗
1383,清创术,治疗
1384,皮肤移植术,治疗
1385,跖疣,疾病
1386,感觉表现,症状
1387,病毒检测与鉴定,诊断方法
1388,临床免疫学检查,诊断方法
1389,物理治疗 液氮冷冻疗法,治疗
1390,外用药物治疗 水杨酸 外用水杨酸,治疗
1391,维 A 酸类药物 外用维 A 酸霜及他扎罗汀凝胶,治疗
1392,痛风,疾病
1393,抗炎治疗,治疗
1394,降尿酸治疗。坚持降尿酸治疗,治疗
1395,进食过多高嘌呤食物,病因
1396,风湿免疫科,科室
1397,骨科,科室
1398,关节囊液检查,诊断方法
1399,秋水仙碱诊断治疗,治疗
1400,止痛抗炎药物治疗,治疗
1401,秋水仙碱,治疗
1402,依托考昔,治疗
1403,强的松,治疗
1404,受累关节制动（减少关节的活动）或卧床休息,治疗
1405,降尿酸药物,治疗
1406,抗炎止痛的药物如秋水仙碱、糖皮质激素,治疗
1407,药物治疗：使用降尿酸药物进行降尿酸治疗,治疗
1408,微创手术,治疗
1409,止疼抗炎治疗,治疗
1410,秋水仙碱、布洛芬,治疗
1411,糖尿病,疾病
1412,普通内科,科室
1413,自身免疫和环境因素,病因
1414,高糖高脂的饮食习惯,病因
1415,年龄增长,病因
1416,病毒感染（风疹病毒,病因
1417,视力模糊,症状
1418,疲劳乏力,症状
1419,明显饥饿感,症状
1420,出汗,症状
1421,手抖,症状
1422,空腹血糖检查,诊断方法
1423,随机血糖检查,诊断方法
1424,胰岛功能检测,诊断方法
1425,葡萄糖耐量试验（OGTT）,诊断方法
1426,糖化血红蛋白,诊断方法
1427,生化指标,诊断方法
1428,血酮体检测,诊断方法
1429,糖尿病抗体三项检测,诊断方法
1430,静脉抽血查糖化血红蛋白,诊断方法
1431,动态血糖监测,诊断方法
1432,身的日常管理与监测,治疗
1433,饮食控制,治疗
1434,运动锻炼,治疗
1435,血糖监测,治疗
1436,注射制剂,治疗
1437,胰高血糖素样多肽-1 受体激动剂,治疗
1438,血糖监测,诊断方法
1439,噻唑烷二酮类,治疗
1440,α-糖苷酶抑制剂类,治疗
1441,格列汀类,治疗
1442,肥胖症,疾病
1443,分泌科,科室
1444,环境因素（不良生活方式与饮食习惯）,病因
1445,内分泌因素,病因
1446,神经精神因素（饱食中枢与饥饿中枢的作用）,病因
1447,三环类抗抑郁药（如多虑平、阿米替林）,治疗
1448,磺脲类药物（如格列本脲、格列吡嗪）,治疗
1449,抗精神病药（如利培酮、奥氮平）,治疗
1450,体质指数（BMI）,诊断方法
1451,内脏脂肪面积测量,诊断方法
1452,注意食物的合理搭配,治疗
1453,形成科学的饮食习惯,治疗
1454,饮食运动疗法,治疗
1455,奥利司他。 食欲抑制剂,治疗
1456,盐酸芬特明,治疗
1457,盐酸安非拉酮,治疗
1458,胰升糖素样肽 1（GLP-1）受体激动剂或 GLP-1 类似物（如艾塞那肽和利拉鲁肽）,治疗
1459,奥利司他,治疗
1460,安非拉酮,治疗
1461,二甲双胍,治疗
1462,利拉鲁肽,治疗
1463,甲状腺功能亢进症,疾病
1464,甲状腺激素分泌过多,病因
1465,怕热,症状
1466,多汗,症状
1467,容易饥饿,症状
1468,体重减轻,症状
1469,多结节性毒性甲状腺肿,病因
1470,甲状腺自主高功能腺瘤,病因
1471,放射性碘131,治疗
1472,碘摄入过量,病因
1473,使用含碘药物（如胺碘酮）、垂体疾病、吸烟、高碘饮食、感染、妊娠等,病因
1474,弥漫性毒性甲状腺肿：是甲状腺功能亢进最常见的病因,病因
1475,结节性毒性甲状腺肿和甲状腺自主高功能腺瘤：也可引起甲状腺激素过多而引发甲亢,病因
1476,弥漫性毒性甲状腺肿,病因
1477,「Graves 病」,病因
1478,皮肤温暖潮湿,症状
1479,体重下降,症状
1480,甲状腺肿大,症状
1481,神经系统：表现为容易生气、易激动、失眠、紧张、焦虑、烦躁、常常注意力不集中等症状,症状
1482,眼部表现：表现为眼球突出，眼部胀痛、怕光、流泪、看东西重影、视力下降等症状,症状
1483,心血管系统：患者可感到心慌、气喘，活动后更加明显,症状
1484,消化系统：患者会出现食欲大增的情况，但会伴有大便次数增多或腹泻,症状
1485,恶心、呕吐,症状
1486,内分泌系统：女性常表现为月经量减少、经期延长，甚至出现闭经。男性多出现阳痿，偶尔也有乳房发育等症状,症状
1487,综合治疗： 积极治疗甲亢,治疗
1488,眼睛局部：避免眼睛暴露于强光，人工泪液滴眼，避免角膜长时间暴露于空气,治疗
1489,全身治疗：糖皮质激素、其他免疫抑制剂、单抗类药物等；眼眶放疗、眼眶减压手术,治疗
1490,高热、心跳加快（心率＞140 次/分）、大汗、恶心、呕吐等，严重者会发生心力衰竭、休克及昏迷,症状
1491,根据患者的既往史（既往有无甲状腺疾病、自身免疫性疾病）,诊断方法
1492,药物应用史（是否使用胺碘酮、甲状腺激素等）,诊断方法
1493,个人史（是否高碘饮食、是否怀孕）,诊断方法
1494,家族史（亲属是否有自身免疫甲状腺疾病,诊断方法
1495,甲状腺功能检测,诊断方法
1496,甲状腺超声,诊断方法
1497,甲状腺核素显像,诊断方法
1498,眼眶 CT,诊断方法
1499,甲状腺功能测定 ：常见指标有总三碘甲状腺原氨酸（ TT3）、游离三碘甲腺原氨酸（FT3）、总甲状腺素（TT4）、游离甲状腺素（FT4）、促甲状腺素（TSH）,诊断方法
1500,甲状腺自身抗体测定 ：常见指标有促甲状腺素受体抗体（TRAb）、甲状腺过氧化物酶抗体（TPOAb）、甲状腺球蛋白抗体（TgAb）,诊断方法
1501,甲状腺超声 ：可方便、快捷、无创地观察甲状腺形态、大小变化，为临床诊断及治疗提供参考,诊断方法
1502,甲状腺核素显像 ：患者口服或注射一定量的显像剂，待甲状腺吸收后用仪器进行扫描，可清晰地显示甲状腺的位置、大小、形态及有无肿大或异位,诊断方法
1503,眼眶 CT 或 MRI ：突眼的患者可行眼眶 CT 或 MRI 评价眼球位置、眼外肌大小等,诊断方法
1504,。 碘摄取率 ：可用于鉴别甲亢的原因，不同原因导致的甲亢，摄碘率情况有很大区别,诊断方法
1505,放射性碘 131 同位素,治疗
1506,抗甲亢治疗：首先选择甲巯咪唑，如果过敏或处在备孕、妊娠阶段，可考虑使用丙硫氧嘧啶,治疗
1507,对症治疗：包括降低心率（缓解心慌、手抖的症状）、纠正电解质紊乱（如补钾）、保护肝脏功能、升高白细胞等,治疗
1508,可考虑碘 131 治疗 ：甲状腺肿大比较明显、药物治疗甲亢病情反反复复,治疗
1509,手术治疗 ：甲状腺肿大明显，且有压迫到颈部其他部位产生不适症状，或是存在胸骨后甲状腺肿，或是合并有甲状腺癌等情况,治疗
1510,甲巯咪唑,治疗
1511,丙基硫氧嘧啶,治疗
1512,甲状腺功能减退症,疾病
1513,怕冷,症状
1514,浮肿,症状
1515,体重增加,症状
1516,桥本甲状腺炎,病因
1517,左甲状腺素钠片,治疗
1518,优甲乐,治疗
1519,雷替斯,治疗
1520,自身免疫性甲状腺炎,病因
1521,甲状腺切除术,病因
1522,放射性碘131 治疗,病因
1523,颈部的电离辐射,病因
1524,碘缺乏或过量,病因
1525,治疗甲亢的药物(如甲巯咪唑、丙硫氧嘧啶)如果使用过量,病因
1526,抗结核药,病因
1527,碳酸锂,病因
1528,胺碘酮,病因
1529,干扰素,病因
1530,某些抗肿瘤药物,病因
1531,甲状腺缺如或发育不良,病因
1532,异位甲状腺,病因
1533,甲状腺激素合成的基因异常,病因
1534,胎儿期孕妇缺碘,病因
1535,碘过量,病因
1536,甲状腺的浸润性疾病,病因
1537,垂体病变,病因
1538,席汉综合征,病因
1539,淋巴细胞性垂体炎,病因
1540,垂体结核,病因
1541,垂体脓肿,病因
1542,垂体肿瘤,病因
1543,垂体的手术和放疗,病因
1544,下丘脑病变,病因
1545,下丘脑肿瘤,病因
1546,下丘脑脓肿,病因
1547,下丘脑结核,病因
1548,梅毒,病因
1549,结节病,病因
1550,血色病,病因
1551,下丘脑外伤,病因
1552,下丘脑的手术和放疗,病因
1553,甲状腺抵抗综合征的病因,病因
1554,甲状腺激素抵抗,病因
1555,促甲状腺激素抵抗,病因
1556,长期暴露于放射性环境,病因
1557,接触毒性化学物质,病因
1558,感染病毒,病因
1559,颜面部、眼睑、手脚肿胀,症状
1560,没精神,症状
1561,总想睡觉,症状
1562,便秘(因为肠蠕动减慢),症状
1563,少汗,症状
1564,皮肤干燥粗糙,症状
1565,头发干枯,症状
1566,脱发,症状
1567,眉毛外 1/3 可脱落,症状
1568,声音低沉,症状
1569,嘶哑,症状
1570,音量小,症状
1571,月经不调,症状
1572,不孕,症状
1573,高胡萝卜素血症,症状
1574,心包积液,症状
1575,黏液性水肿昏迷,症状
1576,血压,症状
1577,脉搏下降,症状
1578,心、肾功能衰竭,症状
1579,胸痛,症状
1580,贫血,症状
1581,食欲缺乏,症状
1582,皮下组织水肿,症状
1583,皮肤干燥,症状
1584,粗糙脱屑,症状
1585,甲状腺功能减退症,诊断方法
1586,抽血检查甲状腺功能,诊断方法
1587,口服补充甲状腺激素,治疗
1588,左甲状腺素,治疗
1589,干甲状腺片,治疗
1590,缺碘导致的甲减需要补碘,治疗
1591,补充甲状腺激素,治疗
1592,原发性甲减,疾病
1593,中枢性甲减,疾病
1594,甲状腺激素抵抗综合征,疾病
1595,亚临床甲减,疾病
1596,临床甲减,疾病
1597,甲状腺结节,疾病
1598,甲状腺外科,科室
1599,普通外科,科室
1600,放射性 131 I 治疗,治疗
1601,口服药物治疗,治疗
1602,适当补充钙剂（如钙尔奇 D 片,治疗
1603,糖尿病前期,疾病
1604,内科,科室
1605,不良生活方式,病因
1606,暴饮暴食,病因
1607,医学营养治疗,治疗
1608,进行情绪管理，克服紧张焦虑心理,治疗
1609,学习自我调整,治疗
1610,阿卡波糖,治疗
1611,胰岛素增敏剂,治疗
1612,高尿酸血症,疾病
1613,夜尿增多,症状
1614,意识障碍,症状
1615,血液化验,诊断方法
1616,肾功能,诊断方法
1617,尿液化验： 24 小时尿尿酸的排泄,诊断方法
1618,尿常规,诊断方法
1619,核磁共振,诊断方法
1620,"[1,2] ： 一般治疗：生活方式的改变",治疗
1621,控制饮食总热量,治疗
1622,限制高嘌呤食物的摄入,治疗
1623,限制烟酒,治疗
1624,坚持运动和控制体重。 积极治疗与血尿酸升高相关的代谢性及心血管疾病相关危险：积极治疗糖尿病,治疗
1625,药物治疗： 降尿酸的药物：根据病情特点选择降尿酸的药物,治疗
1626,非布司他和苯溴马隆等。 碱化尿液的药物,治疗
1627,碳酸氢钠或枸橼酸氢钾钠,治疗
1628,苯溴马隆,治疗
1629,丙磺舒,治疗
1630,磺吡酮,治疗
1631,非甾体消炎药（如双氯芬酸钠、布洛芬等）,治疗
1632,糖皮质激素（如强的松）,治疗
1633,低钾血症,疾病
1634,身体没有力气（肌无力）,症状
1635,四肢软弱无力,症状
1636,血钾浓度测定,诊断方法
1637,血气分析和尿 pH,诊断方法
1638,甲状腺功能,诊断方法
1639,血浆肾素,诊断方法
1640,肾内科,科室
1641,口服氯化钾制剂,治疗
1642,高脂血症,疾病
1643,原发性原因,病因
1644,继发性原因,病因
1645,抽血检查,诊断方法
1646,生活方式干预（饮食和运动治疗等）,治疗
1647,调脂治疗,治疗
1648,他汀类,治疗
1649,贝特类,治疗
1650,烟酸类,治疗
1651,树脂类,治疗
1652,胆固醇吸收抑制剂,治疗
1653,原发性高脂血症,疾病
1654,继发性高脂血症,疾病
1655,甲状腺癌,疾病
1656,颈部有肿块,症状
1657,颈部淋巴结肿大,症状
1658,声嘶,症状
1659,吞咽困难,症状
1660,甲状腺全切除,治疗
1661,近全切除手术,治疗
1662,术后放射性 131I 治疗,治疗
1663,TSH 抑制治疗,治疗
1664,甲状腺乳腺外科,科室
1665,肿瘤外科,科室
1666,童年期有头颈部放射线照射史或者放射性尘埃接触史,病因
1667,有全身放射治疗史,病因
1668,有甲状腺癌的既往史或家族史,病因
1669,碘摄入不足或者过多,病因
1670,无痛性颈部肿块,症状
1671,结节,症状
1672,声音嘶哑,症状
1673,脖子,症状
1674,喉部疼痛,症状
1675,面容潮红,症状
1676,心动过速,症状
1677,顽固性腹泻,症状
1678,视力下降,症状
1679,咳血,症状
1680,黄疸（眼睛、皮肤、小便发黄）,症状
1681,骨痛,症状
1682,常规检查,诊断方法
1683,甲状腺激素检查,诊断方法
1684,甲状腺自身抗体检测,诊断方法
1685,CT 扫描,诊断方法
1686,细针穿刺,诊断方法
1687,粗针穿刺,诊断方法
1688,放射性 131I治疗,治疗
1689,靶向药物治疗,治疗
1690,达拉非尼,治疗
1691,化疗,治疗
1692,紫杉醇,治疗
1693,卡铂,治疗
1694,淋巴结清扫术,治疗
1695,进行131I 治疗,治疗
1696,全切,治疗
1697,糖尿病肾病,疾病
1698,心血管疾病,病因
1699,生活方式干预（饮食、运动和戒烟）,治疗
1700,控制血糖,治疗
1701,控制血压、纠正脂质代谢紊乱、改善微循环,治疗
1702,肾脏替代（如血液透析等）治疗,治疗
1703,血管紧张素转化酶抑制剂（ACEI）或血管紧张素Ⅱ受体阻滞剂（ARB）,治疗
1704,钙通道阻滞剂（CCB）、噻嗪类或袢利尿剂、β 受体阻滞剂,治疗
1705,二肽基肽酶Ⅳ（DPP-4）抑制剂,治疗
1706,补充维生素 D,治疗
1707,慢性胃炎,疾病
1708,幽门螺杆菌感染,病因
1709,药物因素,病因
1710,自身免疫因素,病因
1711,外源性病因,病因
1712,药物（非甾体抗炎药、糖皮质激素等）,病因
1713,饮食和环境因素,病因
1714,胆汁反流,病因
1715,慢性肝病,病因
1716,免疫紊乱,病因
1717,精神压力,病因
1718,幽门螺杆菌感染者,病因
1719,运动等生活方式的改变来改善情绪,治疗
1720,心理咨询帮助自己解决情绪困扰。家人的理解与关爱,治疗
1721,病理组织学检查,诊断方法
1722,胃镜检查,诊断方法
1723,胃黏膜活检,诊断方法
1724,胃镜活组织检查,诊断方法
1725,快速尿素酶实验（RUT）,诊断方法
1726,胃黏膜直接涂片染色镜检,诊断方法
1727,基因方法检测,诊断方法
1728,尿素呼气实验（UBT）,诊断方法
1729,粪便 Hp 抗原（HpSA）检测,诊断方法
1730,抑酸药,治疗
1731,H2 受体拮抗剂,治疗
1732,质子泵抑制剂（如奥美拉唑,治疗
1733,艾司奥美拉唑,治疗
1734,抗酸药,治疗
1735,铝碳酸镁片,治疗
1736,氢氧化铝,治疗
1737,促动力药物,治疗
1738,多潘立酮,治疗
1739,胃黏膜保护剂,治疗
1740,消化酶制剂,治疗
1741,复方阿嗪米特、胰酶制剂,治疗
1742,幽门螺杆菌感染,疾病
1743,食欲减低,症状
1744,侵入性检查,诊断方法
1745,活检尿素酶检测,诊断方法
1746,组织学检测,诊断方法
1747,非侵入性检查,诊断方法
1748,尿素呼气试验,诊断方法
1749,粪便幽门螺杆菌抗原试验,诊断方法
1750,胃黏膜组织活检尿素酶检测,诊断方法
1751,长期服用质子泵抑制剂 （PPI）,治疗
1752,长期服用非甾体消炎药 （NSAIDs），包括低剂量阿司匹林,治疗
1753,一种胃酸抑制剂（质子泵抑制剂）,治疗
1754,阿莫西林,治疗
1755,克拉霉素,治疗
1756,甲硝唑和左氧氟沙星,治疗
1757,呋喃唑酮,治疗
1758,急性胃肠炎,疾病
1759,补充水和电解质,治疗
1760,化学因素,病因
1761,全身性疾病,病因
1762,白细胞计数,诊断方法
1763,血气分析,诊断方法
1764,胃复安等止吐药,治疗
1765,匹维溴铵等解痉药,治疗
1766,抗生素治疗 [1] ， 常用药物如阿奇霉素、左氧氟沙星,治疗
1767,质子泵抑制剂,治疗
1768,奥美拉唑,治疗
1769,蒙脱石散,治疗
1770,黄连素治疗,治疗
1771,调节肠道菌群药物,治疗
1772,复方地芬诺酯片,治疗
1773,胃溃疡,疾病
1774,上腹痛,症状
1775,胃部难受,症状
1776,幽门螺杆菌（ Hp ）感染,病因
1777,长期服用非甾体类抗炎药（如阿司匹林）、糖皮质激素、氯吡格雷等药物,病因
1778,胃排空障碍,病因
1779,烧伤,病因
1780,颅脑损伤,病因
1781,吸烟、长期精神紧张、进食无规律等也是消化性溃疡发生的常见原因,病因
1782,长期处于精神紧张状态、进食没有规律,病因
1783,钡餐,诊断方法
1784,胃镜,诊断方法
1785,服用质子泵抑制剂（ PPI ）等药物,治疗
1786,手术方式治疗,治疗
1787,一般治疗：在溃疡的活动期，应该注意饮食和休息，放松心情，戒烟戒酒，保持良好的生活习惯。,治疗
1788,抑酸治疗,治疗
1789,根除 Hp,治疗
1790,铋剂 + PPI + 两种抗菌药物组成的四联疗法,治疗
1791,阿莫西林+克拉霉素,治疗
1792,阿莫西林+左氧氟沙星,治疗
1793,阿莫西林+呋喃唑酮,治疗
1794,四环素+甲硝唑或呋喃唑酮,治疗
1795,维持治疗,治疗
1796,胃食管反流病,疾病
1797,反酸,症状
1798,烧心,症状
1799,胸骨后不适,症状
1800,嗳气,症状
1801,反流入口腔、咽喉部或肺部可出现咳嗽,症状
1802,哮喘,症状
1803,牙蚀,症状
1804,抗反流屏障缺陷,病因
1805,食管裂孔疝,病因
1806,食管下括约肌功能障碍,病因
1807,腹型肥胖（腰围男性 ≥ 85 厘米，女性 ≥ 80 厘米）,病因
1808,食管清除作用减弱,病因
1809,食管黏膜屏障缺损,病因
1810,饮食因素,病因
1811,反流,症状
1812,腹部不适,症状
1813,上腹部烧灼感,症状
1814,嗳气（嗝气）,症状
1815,餐后饱胀,症状
1816,早饱,症状
1817,癔球症（咽部异物感）,症状
1818,消化系统外症状,症状
1819,慢性咳嗽,症状
1820,咽喉症状,症状
1821,牙蚀症,症状
1822,食管外症状,症状
1823,肺纤维化,症状
1824,上消化道出血,症状
1825,食管狭窄,症状
1826,症状（如反酸、烧心等）指向胃食管反流病,诊断方法
1827,食管阻抗 - pH 监测,诊断方法
1828,上消化道造影,诊断方法
1829,食管测压,诊断方法
1830,PPI 试验,诊断方法
1831,质子泵抑制剂（PPI）,治疗
1832,H 2 受体拮抗剂,治疗
1833,促胃肠动力药,治疗
1834,抗反流手术,治疗
1835,痔疮,疾病
1836,肛肠外科,科室
1837,职业因素,病因
1838,大便出血,症状
1839,大便疼痛,症状
1840,剧烈疼痛,症状
1841,排便不尽感,症状
1842,肛门直肠检查,诊断方法
1843,一般治疗,治疗
1844,饮食疗法,治疗
1845,改善生活习惯,治疗
1846,温水坐浴,治疗
1847,局部治疗,治疗
1848,注射疗法,治疗
1849,红外线凝固疗法,治疗
1850,胶圈套扎疗法,治疗
1851,局部药物治疗,治疗
1852,醋酸氯己定痔疮栓,治疗
1853,复方角菜酸酯乳膏,治疗
1854,全身药物治疗,治疗
1855,静脉张力调节药物,治疗
1856,抗炎镇痛药,治疗
1857,氢化可的松/利多卡因混合制剂),治疗
1858,口服纤维素、刺激性缓泻剂,治疗
1859,粪便软化剂和渗透剂,治疗
1860,养成良好的饮食习惯,治疗
1861,每天保持充足的水分。 保持大便的通畅，养成良好的排便习惯,治疗
1862,肠易激综合征,疾病
1863,肠道感染,病因
1864,精神心理障碍,病因
1865,肠道感染和精神心理障碍,病因
1866,食物因素,病因
1867,肠道菌群失衡,病因
1868,易疲劳,症状
1869,浑身没劲,症状
1870,粪便细菌培养,诊断方法
1871,结肠镜检查或钡剂灌肠 X 线检查,诊断方法
1872,腹部 B 超检查,诊断方法
1873,实验室检查（如血常规、血生化）,诊断方法
1874,养成健康的生活习惯,治疗
1875,去麦胶饮食,治疗
1876,洛哌丁胺、地芬诺酯,治疗
1877,蒙脱石散等吸附性止泻药,治疗
1878,调节肠道微生态：配合微生态调节剂纠正肠道菌群失调,治疗
1879,利福昔明,治疗
1880,调整饮食：进食有软化和扩大粪便容积的食物，如粗纤维多的新鲜蔬果（芹菜、苹果等），适量多饮水,治疗
1881,口服通便的药物,治疗
1882,聚乙二醇,治疗
1883,解痉药,治疗
1884,匹维溴铵,治疗
1885,奥替溴铵,治疗
1886,降低肠道敏感性药物,治疗
1887,莫雷司琼等 5 - 羟色胺 3（5-HT3）受体拮抗剂,治疗
1888,器质性便秘,疾病
1889,功能性便秘,病因
1890,功能性疾病,病因
1891,生理性括约肌障碍,病因
1892,肠道神经系统病变,病因
1893,肠道菌群失调,病因
1894,器质性疾病,病因
1895,肠道疾病（结直肠肿瘤,病因
1896,内分泌和代谢性疾病,病因
1897,神经系统疾病,病因
1898,药物影响,病因
1899,排便次数减少,症状
1900,特殊检查,诊断方法
1901,结肠传输试验,诊断方法
1902,排粪造影,诊断方法
1903,生活饮食干预,治疗
1904,渗透性泻药（聚乙二醇、乳果糖、硫酸镁等）,治疗
1905,容积性泻药（欧车前、聚卡波非钙、麦麸等）,治疗
1906,刺激性泻药（比沙可啶、番泻叶等）； 促动力药：莫沙比利、伊托必利、普芦卡必利等）； 促分泌药：鲁比前列酮,治疗
1907,利那洛肽,治疗
1908,润滑型药物：甘油、石蜡油,治疗
1909,微生态制剂,治疗
1910,阿片类拮抗剂,治疗
1911,爱维莫潘,治疗
1912,甲基纳曲酮,治疗
1913,纳洛醇醚或纳德咪定,治疗
1914,心理行为干预,治疗
1915,健康教育,治疗
1916,认知行为治疗,治疗
1917,抗焦虑抑郁药物治疗,治疗
1918,乳果糖、聚乙二醇,治疗
1919,开塞露（视频） 或氯化钠温水溶液灌肠,治疗
1920,增加膳食纤维、保证足够水分摄入,治疗
1921,药物性便秘,疾病
1922,胆囊结石,疾病
1923,肝胆外科,科室
1924,肝胆胰腺外科,科室
1925,B 型超声扫描（ B 超）,诊断方法
1926,电子计算机 X 线断层扫描,诊断方法
1927,内镜逆行胆胰管造影术（ERCP）,诊断方法
1928,经皮肝穿刺胆道造影（PTC）,诊断方法
1929,超声内镜（EUS）,诊断方法
1930,核磁共振胆管成像 MRCP,诊断方法
1931,螺旋 CT 胆管成像和放射性核素扫描,诊断方法
1932,非手术治疗（药物治疗、体外冲击波碎石,治疗
1933,非手术疗法 药物溶石：口服胆酸等药物溶石； 接触溶石,治疗
1934,经皮肝穿刺胆道造影 （PTC） 注入辛酸甘油单酯等药物溶石,治疗
1935,体外冲击波震波碎石,治疗
1936,经胆道镜置入液电碎石机,治疗
1937,内镜微创手术取石碎石,治疗
1938,腹腔镜胆囊切除术,治疗
1939,开腹手术切除胆囊取石,治疗
1940,开腹探查胆管取石,治疗
1941,腹腔镜联合胆道镜探查胆管取石,治疗
1942,有效控制血糖,治疗
1943,控制饮食：严格限制脂肪摄入，禁食含胆固醇高的食物（鸡蛋、牛肉等），忌刺激性强的食物（胡椒、韭菜等）,治疗
1944,胆囊息肉,疾病
1945,右上腹疼痛,症状
1946,代谢异常：胆汁中除了水以外还有胆固醇、胆盐、无机盐等成分，当胆固醇代谢障碍时，会使得胆固醇沉积在胆囊壁当中，引起炎症反应和组织增生，诱发胆囊息肉,病因
1947,慢性炎症刺激：胆囊慢性炎症刺激，导致胆囊壁黏膜破坏，形成纤维瘢痕增生,病因
1948,其他：胆管的梗阻、长时间的胆汁停滞、浓缩胆汁的刺激、胰液返流以及来自肠道的细菌、病毒感染。,病因
1949,阻塞性黄疸,症状
1950,无结石性胆囊炎,症状
1951,胆道出血,症状
1952,诱发胰腺炎,症状
1953,CT 增强扫描,诊断方法
1954,内镜超声,诊断方法
1955,腹腔镜或开腹的手术方式,治疗
1956,胆囊息肉样病变,疾病
1957,胆囊隆起性病变,疾病
1958,胆囊炎,疾病
1959,饱餐,病因
1960,进食油腻食物,病因
1961,严重创伤,病因
1962,胆囊结石,病因
1963,胆固醇代谢紊乱,病因
1964,右上腹剧烈绞疼,症状
1965,黄疸（皮肤黄染）,症状
1966,全身感染中毒症状,症状
1967,肝脓肿,症状
1968,弥漫性腹膜炎,症状
1969,内瘘,症状
1970,梗阻性化脓性胆管炎,症状
1971,胆源性胰腺炎,症状
1972,CT,诊断方法
1973,胆囊造影,诊断方法
1974,抗菌治疗,治疗
1975,止痛支持治疗,治疗
1976,经皮胆囊造瘘术,治疗
1977,胆囊切除术,治疗
1978,解痉药物,治疗
1979,胆汁制剂（如牛胆酸钠、去氢胆酸等）,治疗
1980,抗菌药物治疗,治疗
1981,头孢呋辛,治疗
1982,头孢唑林,治疗
1983,头孢曲松,治疗
1984,亚胺培南,治疗
1985,左氧氟沙星联合甲硝唑,治疗
1986,熊去氧胆酸,治疗
1987,或胆酸钠,治疗
1988,利胆素,治疗
1989,急性胆囊炎,疾病
1990,慢性胆囊炎,疾病
1991,原发性肝癌,疾病
1992,病毒性肝炎,病因
1993,长期大量饮酒史,病因
1994,胀痛,症状
1995,肝脏穿刺活检,诊断方法
1996,栓塞治疗,治疗
1997,奥沙利铂,治疗
1998,吉西他滨,治疗
1999,免疫检测点抑制剂联合仑伐替尼,治疗
2000,灌注化疗,治疗
2001,磁共振成像（MRI）动态增强扫描,诊断方法
2002,索拉菲尼（多吉美）,治疗
2003,顽固性腹腔积液,疾病
2004,乙型病毒性肝炎,病因
2005,酒精性肝病,病因
2006,药物和毒物,病因
2007,自身免疫性肝炎,病因
2008,慢性胆汁淤积,病因
2009,循环障碍,病因
2010,遗传代谢因素,病因
2011,消瘦,症状
2012,上腹隐痛,症状
2013,失代偿期,症状
2014,皮肤粗糙,症状
2015,面色黝暗,症状
2016,口角发炎,症状
2017,面部毛细血管扩张,症状
2018,夜盲,症状
2019,消化道症状,症状
2020,出血倾向和贫血,症状
2021,内分泌紊乱,症状
2022,皮肤色泽改变,症状
2023,皮肤没有光泽,症状
2024,睡眠障碍,症状
2025,言语不清,症状
2026,书写障碍,症状
2027,肝功能检查,诊断方法
2028,B超检查,诊断方法
2029,腹部超声检查,诊断方法
2030,肝脏穿刺病理检查,诊断方法
2031,维生素饮食,治疗
2032,干扰素α,治疗
2033,替诺福韦,治疗
2034,替恩卡韦,治疗
2035,护肝药,治疗
2036,还原型谷胱甘肽,治疗
2037,免疫调节药物,治疗
2038,利尿剂,治疗
2039,内镜治疗：内镜下静脉曲张套扎,治疗
2040,组织粘合剂注射,治疗
2041,硬化剂或组织粘合剂（氰基丙烯酸盐）注射治疗,治疗
2042,支持治疗：供给足够的热量和维生素,治疗
2043,消除诱因、加强基础治疗,治疗
2044,输注右旋糖酐、人血白蛋白或血浆,治疗
2045,血管活性药物,治疗
2046,透析治疗,治疗
2047,结直肠癌,疾病
2048,亚硝酸盐类化合物,病因
2049,疾病因素,病因
2050,腹痛或腹部不适,症状
2051,腹部肿块,症状
2052,腹部检查,诊断方法
2053,肛门指诊,诊断方法
2054,纤维结肠镜检查,诊断方法
2055,胃肠外科,科室
2056,氟尿嘧啶类的药物,治疗
2057,结肠镜检查,诊断方法
2058,胃癌,疾病
2059,肠胃外科,科室
2060,普外科（肠胃外科,科室
2061,组织病理学分类,诊断方法
2062,便常规,诊断方法
2063,血清检查,诊断方法
2064,胃部影像学检查（X 线检查,诊断方法
2065,CT 检查,诊断方法
2066,黏膜活检,诊断方法
2067,磁共振检查,诊断方法
2068,胃镜检查结合胃黏膜活检,诊断方法
2069,内镜手术,治疗
2070,腹腔镜手术,治疗
2071,根治切除手术,治疗
2072,区域淋巴结清扫手术,治疗
2073,学治疗,治疗
2074,姑息性化疗,治疗
2075,姑息治疗,治疗
2076,症状管理,治疗
2077,姑息性抗肿瘤治疗,治疗
2078,姑息性放化疗,治疗
2079,精神支持,治疗
2080,肿瘤专科医生（包括肿瘤外科和内科）,治疗
2081,靶向治疗,治疗
2082,最佳支持治疗,治疗
2083,胰腺癌,疾病
2084,影像学手段,诊断方法
2085,吃饭时腹痛,症状
2086,多食,症状
2087,消瘦无力,症状
2088,黄疸,症状
2089,超声内镜,诊断方法
2090,上腹部增强 CT,诊断方法
2091,增强磁共振,诊断方法
2092,肿瘤标记物,诊断方法
2093,多种基因突变,病因
2094,上腹部不适,症状
2095,急躁,症状
2096,个性改变,症状
2097,高热,症状
2098,寒战,症状
2099,肿瘤血清学标记物,诊断方法
2100,手术 根治,治疗
2101,姑息性短路手术,治疗
2102,普外科治疗,科室
2103,乙型肝炎,疾病
2104,倦怠乏力,症状
2105,恶心腹胀,症状
2106,肝脏肿大,症状
2107,肝区疼痛,症状
2108,尿黄,症状
2109,皮肤黏膜及巩膜黄染,症状
2110,肝病科,科室
2111,传染病科,科室
2112,感染了乙型肝炎病毒（HBV）,病因
2113,乙肝五项检查,诊断方法
2114,乙型肝炎表面抗原（HBsAg）,诊断方法
2115,乙型肝炎表面抗体（抗-HBs）,诊断方法
2116,乙型肝炎 e 抗原（HBeAg）,诊断方法
2117,乙型肝炎 e 抗体（抗-HBe）,诊断方法
2118,乙型肝炎核心抗体（抗-HBc）,诊断方法
2119,MRI,诊断方法
2120,定期随访,治疗
2121,核苷类药物,治疗
2122,恩替卡韦（ETV）,治疗
2123,富马酸替诺福韦酯（TDF）,治疗
2124,富马酸丙酚替诺福韦片（TAF）,治疗
2125,替比夫定（LdT）,治疗
2126,干扰素类药物,治疗
2127,Peg-IFN-α,治疗
2128,干扰素-α,治疗
2129,急性乙型肝炎,疾病
2130,乙型肝炎病毒携带者,疾病
2131,慢性胰腺炎,疾病
2132,胆道疾病,病因
2133,慢性胰腺炎,症状
2134,细菌及真菌感染,病因
2135,抽血化验,诊断方法
2136,腹部 CT,诊断方法
2137,粪便检查,诊断方法
2138,腹部平片,诊断方法
2139,胰腺活组织检查,诊断方法
2140,禁食及胃肠减压,治疗
2141,静脉补充营养液,治疗
2142,抗生素药物预防感染,治疗
2143,镇痛药物,治疗
2144,口服胰酶制剂,治疗
2145,补充消化酶； 加强营养，适当补充优质蛋白,治疗
2146,直肠癌,疾病
2147,不良饮食习惯,病因
2148,缺乏维生素,治疗
2149,大便潜血,诊断方法
2150,直肠指诊,诊断方法
2151,MRI 检查（磁共振成像）,诊断方法
2152,腔内超声检查,诊断方法
2153,西妥昔单抗,治疗
2154,贝伐珠单抗,治疗
2155,失眠,疾病
2156,运动等生活方式来改善情绪,治疗
2157,心理咨询走出情绪困境,治疗
2158,头痛,疾病
2159,继发性,病因
2160,原发性,病因
2161,双侧枕部或者全头部紧张性或压迫性疼痛，一般持续 30 分钟至七天,症状
2162,多为偏侧、中重度、搏动样头痛,症状
2163,转移注意力,治疗
2164,冥想,治疗
2165,运动,治疗
2166,心理咨询,治疗
2167,家人朋友们的关心,治疗
2168,癫痫,疾病
2169,肌肉僵硬,症状
2170,会有一些奇怪的感觉,症状
2171,抽动,症状
2172,失去知觉,症状
2173,脑外伤,病因
2174,脑肿瘤,病因
2175,卒中,病因
2176,颅内感染（如脑膜炎、脑炎等）,病因
2177,寄生虫感染（如囊虫感染）,病因
2178,肢体、脸部肌肉僵硬或抽动,症状
2179,肢体麻木感,症状
2180,面部及全身苍白,症状
2181,潮红,症状
2182,立毛,症状
2183,瞳孔散大,症状
2184,腹鸣,症状
2185,烦渴,症状
2186,排尿感,症状
2187,嗅到奇怪的味道,症状
2188,视物变形,症状
2189,胃气上升感,症状
2190,情绪变化,症状
2191,感到害怕或似曾相识,症状
2192,咀嚼,症状
2193,咂嘴,症状
2194,全面强直-阵挛发作多见,症状
2195,视力减退,症状
2196,强直性发作,症状
2197,阵挛性发作,症状
2198,失神发作,症状
2199,肌阵挛发作,症状
2200,磁共振,诊断方法
2201,腰椎穿刺,诊断方法
2202,长期服药,治疗
2203,采取手术治疗,治疗
2204,抗癫痫药物,治疗
2205,酶诱导性抗癫痫药（苯妥英、卡马西平、苯巴比妥、扑米酮等）,治疗
2206,酶诱导性较弱的抗癫痫药（奥卡西平和托吡酯等）,治疗
2207,联合普瑞巴林,治疗
2208,左乙拉西坦,治疗
2209,非药物治疗,治疗
2210,外科手术,治疗
2211,迷走神经刺激,治疗
2212,特发性癫痫,疾病
2213,继发性癫痫,疾病
2214,隐源性癫痫,疾病
2215,脑梗死,疾病
2216,肢体麻木,症状
2217,口舌歪斜,症状
2218,偏瘫,症状
2219,失语,症状
2220,其它明确病因型,病因
2221,神经外科,科室
2222,咳痰,症状
2223,面色发白,症状
2224,呕血,症状
2225,黑便,症状
2226,脑病变检查,诊断方法
2227,磁共振检查（MRI）,诊断方法
2228,血管病变检查,诊断方法
2229,颈动脉双功超声,诊断方法
2230,经颅多普勒（TCD）,诊断方法
2231,磁共振血管成像（MRA）,诊断方法
2232,CT 血管成像（CTA）,诊断方法
2233,数字减影血管造影（DSA）,诊断方法
2234,血常规、凝血功能,诊断方法
2235,电解质,诊断方法
2236,心电图、心肌缺血标志物,诊断方法
2237,血氧饱和度,诊断方法
2238,胸部 X 线检查,诊断方法
2239,毒理学筛查（怀疑重金属中毒）,诊断方法
2240,血液酒精水平,诊断方法
2241,妊娠试验（怀疑怀孕）,诊断方法
2242,动脉血气分析,诊断方法
2243,吸氧与呼吸支持,治疗
2244,心脏检测与心肌病病变处理,治疗
2245,体温控制,治疗
2246,血压控制,治疗
2247,血糖控制,治疗
2248,营养支持,治疗
2249,溶栓治疗,治疗
2250,重组组织型纤溶酶原激活剂阿替普酶和尿激酶,治疗
2251,抗血小板治疗,治疗
2252,阿司匹林和氯吡格雷,治疗
2253,抗凝治疗,治疗
2254,凝血酶抑制剂,治疗
2255,脑保护治疗,治疗
2256,阿片受体阻断剂,治疗
2257,降纤治疗,治疗
2258,调节血脂稳定斑块治疗,治疗
2259,机械取栓术,治疗
2260,去骨瓣减压术,治疗
2261,颈动脉内膜剥脱术,治疗
2262,运动康复训练,治疗
2263,雌激素相关性偏头痛,疾病
2264,头部 CT 或核磁共振检查,诊断方法
2265,非甾体抗炎药：双氯芬酸钠、布洛芬等,治疗
2266,联合曲坦类药物； 曲坦类：舒马普坦、夫罗曲坦、那拉曲坦等； 止吐药：注射甲氧氯普氨、氯丙嗪等； 麦角胺类：双氢麦角胺,治疗
2267,预防性治疗,治疗
2268,服用延长周期的雌-孕激素避孕药片或 10 μg 炔雌醇制剂,治疗
2269,作用于月经周期波动的雌激素补充,治疗
2270,长效曲坦类药物,治疗
2271,恐惧性焦虑障碍,疾病
2272,其他焦虑障碍,症状
2273,惊恐障碍,症状
2274,广泛性焦虑障碍,症状
2275,混合性焦虑和抑郁障碍,症状
2276,社会应激性事件,病因
2277,惊恐发作,症状
2278,发抖,症状
2279,濒死感,症状
2280,精神科或心理科医生诊断,诊断方法
2281,精神科,科室
2282,心理科,科室
2283,身体检查,诊断方法
2284,生化检查,诊断方法
2285,影像排查,诊断方法
2286,适量服用抗焦虑和抗抑郁药物,治疗
2287,睡眠障碍,疾病
2288,呼吸内科,科室
2289,年龄因素,病因
2290,糖皮质激素,病因
2291,不规律的生活作息,病因
2292,睡眠环境改变,病因
2293,睡眠相关呼吸障碍,症状
2294,呼吸暂停（鼾声突然停止,症状
2295,睡眠麻痹,症状
2296,大喊大叫,症状
2297,一般体格检查,诊断方法
2298,多导睡眠图（PSG）,诊断方法
2299,呼吸监测,诊断方法
2300,视频监控,诊断方法
2301,肌电图记录,诊断方法
2302,脑电图记录,诊断方法
2303,睡眠日志,诊断方法
2304,匹兹堡睡眠量表（PSQI）,诊断方法
2305,失眠严重程度量表（ISI）,诊断方法
2306,Epworth 嗜睡量表（ESS）,诊断方法
2307,药物依赖诊断量表,诊断方法
2308,不安腿综合征量表及柏林阻塞性睡眠呼吸暂停（OSA）问卷,诊断方法
2309,情绪量表（如焦虑、抑郁相关自评或他评量表、特质焦虑人格量表）,诊断方法
2310,疲劳量表,诊断方法
2311,生命质量量表,诊断方法
2312,日间功能状况评估量表,诊断方法
2313,头部影像学检查,诊断方法
2314,脑部 CT 或核磁共振（MRI）,诊断方法
2315,培养良好的睡眠习惯,治疗
2316,改变不良的生活方式（如经常熬夜,治疗
2317,睡前放松训练,治疗
2318,艾司唑仑、地西泮等 苯二氮䓬类药,治疗
2319,唑吡坦、佐匹克隆等 非苯二氮䓬类药,治疗
2320,雷美替胺等 褪黑素受体激动药,治疗
2321,阿米替林、多赛平等 镇静催眠类抗抑郁药,治疗
2322,安非他命、莫达非尼等 中枢兴奋药觉醒促进剂,治疗
2323,经鼻持续气道正压通气治疗（家用呼吸机）,治疗
2324,口腔矫正器治疗,治疗
2325,良好睡眠习惯的养成与环境的创造,治疗
2326,放松训练,治疗
2327,渐进性肌肉放松,治疗
2328,自我暗示训练,治疗
2329,指导下想象（如冥想）,治疗
2330,腹式呼吸训练,治疗
2331,刺激控制,治疗
2332,睡眠限制,治疗
2333,认知疗法,治疗
2334,改变不良生活方式,治疗
2335,养成良好的睡眠习惯,治疗
2336,规律运动,治疗
2337,心理干预,治疗
2338,心理疏导,治疗
2339,苯二氮䓬类药物,治疗
2340,氯硝西泮,治疗
2341,艾司唑仑,治疗
2342,阿普唑仑,治疗
2343,非苯二氮䓬类药物,治疗
2344,佐匹克隆,治疗
2345,扎来普隆。 褪黑素受体激动药,治疗
2346,雷美替胺,治疗
2347,他司美琼和阿戈美拉汀,治疗
2348,镇静催眠类抗抑郁药,治疗
2349,阿米替林,治疗
2350,多赛平。 觉醒促进剂,治疗
2351,苯丙胺（安非他命）,治疗
2352,哌甲酯（利他林）,治疗
2353,莫达非尼,治疗
2354,偏头痛,疾病
2355,眼前出现暗点,症状
2356,眼前发黑,症状
2357,半边肢体麻木,症状
2358,内分泌,病因
2359,精神,病因
2360,饮食,病因
2361,血管收缩,病因
2362,睡眠不足,病因
2363,睡眠过多,病因
2364,酒类,病因
2365,含酪胺的食物,病因
2366,硝酸盐和亚硝酸盐含量较高的食物,病因
2367,含谷氨酸钠的食品添加剂,病因
2368,过劳,病因
2369,焦虑,病因
2370,抑郁,病因
2371,痛哭,病因
2372,其它应激因素,病因
2373,漏餐,病因
2374,进食不足,病因
2375,激素水平改变（如经期开始）,病因
2376,天气改变,病因
2377,强光刺激,病因
2378,噪音,病因
2379,浓烈的气味,病因
2380,单侧或双侧太阳穴附近及眼眶周围的搏动性疼痛,症状
2381,畏光,症状
2382,畏声,症状
2383,眼睛看东西异常,症状
2384,半边肢体感觉异常（如麻木、僵直、疼痛等）,症状
2385,运动障碍,症状
2386,困倦、烦躁等精神状态不佳,症状
2387,气味恐惧,症状
2388,典型的临床表现,诊断方法
2389,头颅 CT,诊断方法
2390,头部磁共振成像,诊断方法
2391,曲普坦类,治疗
2392,麦角类制剂,治疗
2393,非甾体类抗炎药,治疗
2394,无先兆偏头痛,疾病
2395,有先兆偏头痛,疾病
2396,儿童周期性综合征,疾病
2397,慢性偏头痛,疾病
2398,阿尔茨海默病,疾病
2399,智能下降,症状
2400,性格和行为模式改变,症状
2401,完全丧失独立生活能力,症状
2402,神经系统的结构或功能受到伤害,病因
2403,β-淀粉样蛋白级联假说,病因
2404,ApoE 基因假说,病因
2405,tau 蛋白假说,病因
2406,炎症与免疫机制,病因
2407,神经递质失调,病因
2408,铝和某些药品毒物,病因
2409,低教育水平,病因
2410,脑创伤病史,病因
2411,睡眠因素,病因
2412,金属元素,病因
2413,长期精神压力,病因
2414,中年期高血压病史,病因
2415,中年期肥胖病史,病因
2416,高胆固醇血症,病因
2417,高同型半胱氨酸血症,病因
2418,直立性低血压,病因
2419,记忆障碍,症状
2420,疲乏,症状
2421,消极情绪,症状
2422,不爱清洁,症状
2423,不修边幅,症状
2424,暴躁,症状
2425,易怒,症状
2426,自私多疑,症状
2427,远近记忆均受损,症状
2428,综合分析能力减退,症状
2429,言语重复,症状
2430,计算能力丧失,症状
2431,不会说话,症状
2432,不会用以前会用的东西,症状
2433,不认识以前认识的事物,症状
2434,失用,症状
2435,失认的,症状
2436,较明显的行为和精神异常,症状
2437,人格改变,症状
2438,丧失羞耻感,症状
2439,幻觉,症状
2440,妄想,症状
2441,「偷窃」妄想,症状
2442,大小便失禁,症状
2443,强直,症状
2444,瘫痪,症状
2445,死于压疮,症状
2446,营养不良,症状
2447,肺炎,症状
2448,泌尿系感染,症状
2449,全身性衰竭,症状
2450,先兆症状,诊断方法
2451,神经心理学,诊断方法
2452,简易智能状态量表（MMSE）,诊断方法
2453,蒙特利尔认知评估量表（MocA）,诊断方法
2454,阿尔茨海默病认知功能评价量表（ADAS-cog）,诊断方法
2455,长谷川痴呆量表（HDS）,诊断方法
2456,神经影像学技术,诊断方法
2457,计算机断层扫描（CT）,诊断方法
2458,功能磁共振（fMRI）,诊断方法
2459,正电子发射断层成像（PET）,诊断方法
2460,计算机断层扫描,诊断方法
2461,静息态功能磁共振（rs-fMRI）成像技术,诊断方法
2462,生物学标志物检测,诊断方法
2463,没有办法彻底治愈疾病,治疗
2464,胆碱酯酶抑制剂,治疗
2465,多奈哌齐,治疗
2466,卡巴拉汀,治疗
2467,加兰他敏,治疗
2468,他克林,治疗
2469,盐酸美金刚,治疗
2470,N - 甲基 - D - 天冬氨酸（NMDA）受体拮抗剂,治疗
2471,抗精神病药,治疗
2472,氟哌啶醇,治疗
2473,利司培酮,治疗
2474,奥氮平,治疗
2475,司来吉兰,治疗
2476,非药物对症,治疗
2477,悉心护理,治疗
2478,补充营养,治疗
2479,康复锻炼,治疗
2480,继发性髋关节炎,疾病
2481,一般治疗（患者自我管理,治疗
2482,物理治疗）,治疗
2483,关节腔注射,治疗
2484,痛点注射,治疗
2485,营养因素,病因
2486,慢性积累的损伤,病因
2487,影像学检查结果,诊断方法
2488,X 线检查,诊断方法
2489,体格检查结果,诊断方法
2490,康复医学科,科室
2491,关节外科,科室
2492,一般治疗 减轻体重，加强关节康复锻炼,治疗
2493,体外冲击波,治疗
2494,药物治疗 非甾体类消炎药,治疗
2495,透明质酸钠,治疗
2496,强效镇痛药,治疗
2497,注射少量的镇痛复合液（局麻药、激素的混合液,治疗
2498,手术治疗 外科手术,治疗
2499,增强肌肉力量,治疗
2500,脑出血,疾病
2501,脑血管淀粉样变性,病因
2502,脑血管畸形,病因
2503,系统性疾病,病因
2504,肝脏疾病,病因
2505,肢体瘫痪,症状
2506,意识不清,症状
2507,精神症状,症状
2508,情绪低落,症状
2509,尿失禁,症状
2510,呼吸不规则,症状
2511,头颅 CT 检查,诊断方法
2512,头部核磁共振（MRI）检查,诊断方法
2513,脑血管造影,诊断方法
2514,抽血检验,诊断方法
2515,脱水降颅压,治疗
2516,甘露醇：渗透性脱水剂甘露醇,治疗
2517,人血清白蛋白,治疗
2518,甘油果糖,治疗
2519,小骨窗开颅血肿清除术,治疗
2520,钻孔或锥孔穿刺血肿抽吸术,治疗
2521,内镜血肿清除术,治疗
2522,微创血肿清除术,治疗
2523,作业治疗,治疗
2524,言语治疗,治疗
2525,梗阻性脑积水,疾病
2526,视物不清,症状
2527,先天性因素,病因
2528,中脑导水管畸形,病因
2529,室间孔闭锁畸形,病因
2530,感染因素,病因
2531,感染性脑膜炎,病因
2532,各种原因所致的颅内出血,病因
2533,脑出血,病因
2534,遗传性代谢病,病因
2535,围产期及新生儿窒息,病因
2536,严重的维生素 A 缺乏,病因
2537,运动障碍程度,症状
2538,卧床不起,症状
2539,反应迟钝,症状
2540,精神运动发育迟缓,症状
2541,智力下降,症状
2542,视力及嗅觉障碍,症状
2543,斜视,症状
2544,智力障碍,症状
2545,头颅磁共振（MRI）,诊断方法
2546,先天性脑积水,疾病
2547,继发性脑积水,疾病
2548,肝豆状核变性,疾病
2549,生活中的农业毒素,病因
2550,神经系统老化,病因
2551,多因素交互作用,病因
2552,静止性震颤,症状
2553,嗅觉减退,症状
2554,排尿障碍,症状
2555,体位性低血压睡眠紊乱,症状
2556,脂溢性皮炎,症状
2557,吐字不清,症状
2558,流口水,症状
2559,顽固性便秘,症状
2560,体位性低血压,症状
2561,思维迟钝,症状
2562,视幻觉,症状
2563,分子影像正电子发射断层显像（PET）或单光子发射计算机断层扫描,诊断方法
2564,综合治疗,治疗
2565,心理治疗。药物治疗,治疗
2566,复方左旋多巴（苄丝肼左旋多巴、卡比多巴左旋多巴）,治疗
2567,多巴胺能受体激动剂,治疗
2568,甲磺酸培高利特,治疗
2569,B 型单胺氧化酶抑制剂,治疗
2570,儿茶酚 - 氧位 - 甲基转移酶抑制剂（COMT）,治疗
2571,抗胆碱能药物,治疗
2572,盐酸苯海索 开马君,治疗
2573,神经保护剂（维生素 E 和辅酶 Q10）,治疗
2574,晨起时饮用温开水 200 毫升,治疗
2575,液状石蜡 30 毫升口服,治疗
2576,番泻叶、蓖麻油等缓泻药,治疗
2577,及早预防运动障碍,治疗
2578,三叉神经痛,疾病
2579,神经脱髓鞘改变,病因
2580,压迫,病因
2581,原发性脱髓鞘,病因
2582,神经损伤,病因
2583,遗传倾向,病因
2584,单侧面部的疼痛,症状
2585,阵发性刺痛,症状
2586,刀割样痛,症状
2587,流泪,症状
2588,表情扭曲,症状
2589,流涎,症状
2590,皱眉,症状
2591,鬼脸,症状
2592,摇头试图甩掉疼痛,症状
2593,面部肌肉不自主抽搐,症状
2594,面部感觉减退,症状
2595,角膜反射迟钝或消失,症状
2596,咀嚼肌无力萎缩,症状
2597,张口下颌歪向病灶侧,症状
2598,合并其他颅神经麻痹,症状
2599,脑部磁共振成像（MRI）,诊断方法
2600,特殊序列的磁共振成像,诊断方法
2601,神经外科就,科室
2602,卡马西平,治疗
2603,奥卡西平,治疗
2604,巴喷丁,治疗
2605,苯妥英钠,治疗
2606,拉莫三嗪,治疗
2607,巴氯芬,治疗
2608,椎管狭窄,疾病
2609,麻木,症状
2610,四肢无力,症状
2611,大小便障碍,症状
2612,退行性改变,病因
2613,先天发育异常,病因
2614,手术创伤,病因
2615,瘢痕形成,病因
2616,椎板切除过多,病因
2617,椎管成形术失败,病因
2618,颈椎病,病因
2619,颈椎间盘突出症,病因
2620,颈椎后纵韧带骨化症,病因
2621,颈椎肿瘤,病因
2622,腰椎间盘突出,病因
2623,腰椎滑脱,病因
2624,胸椎后纵韧带骨化症,病因
2625,胸椎关节增生,病因
2626,四肢感觉麻木,症状
2627,颈肩部疼痛,症状
2628,肌肉萎缩,症状
2629,截瘫,症状
2630,躯干感觉麻木,症状
2631,背部出现束带感,症状
2632,下肢麻木无力,症状
2633,腰背部疼痛,症状
2634,臀部及下肢放射痛,症状
2635,阴区麻木,症状
2636,性功能降低,症状
2637,外伤史（脊椎是否受到过外伤）,诊断方法
2638,手术史（脊椎是否做过手术,诊断方法
2639,X 线,诊断方法
2640,核磁共振（MRI）检查,诊断方法
2641,既往病史,诊断方法
2642,肌电图检查,诊断方法
2643,保守治疗,治疗
2644,休息,治疗
2645,制动,治疗
2646,佩戴支具,治疗
2647,穿紧身束腰,治疗
2648,物理治疗（热敷、按摩、牵引）,治疗
2649,非甾体抗炎药,治疗
2650,塞来昔布,治疗
2651,营养神经药,治疗
2652,甲钴胺,治疗
2653,开放手术,治疗
2654,减压术,治疗
2655,融合术,治疗
2656,胸椎管狭窄 减压术,治疗
2657,颈椎管狭窄,疾病
2658,腰椎管狭窄,疾病
2659,胸椎管狭窄,疾病
2660,原发性高血压,疾病
2661,胸闷气促,症状
2662,血液检测,诊断方法
2663,尿液检测,诊断方法
2664,心电图检查( ECG ),诊断方法
2665,心脏超声检查,诊断方法
2666,器官损害,病因
2667,高脂血症,病因
2668,长期心理压力过大,病因
2669,改善日常生活方式,治疗
2670,心血管内科,科室
2671,眼科,科室
2672,低盐低脂饮食,治疗
2673,增加运动量,治疗
2674,减轻体重,治疗
2675,戒烟戒酒,治疗
2676,减轻精神压力,治疗
2677,规律作息,治疗
2678,服用降压药物,治疗
2679,积极治疗其他慢性病,治疗
2680,积极治疗原发病,治疗
2681,原发性高血,疾病
2682,隐匿性冠心病,疾病
2683,精神压力较大,病因
2684,缺乏锻炼,病因
2685,不良饮食习惯（如摄入过多的盐分、胆固醇）,病因
2686,空气污染,病因
2687,头晕目眩,症状
2688,大汗淋漓,症状
2689,抽血检查血清中的肌钙蛋白及各类心肌酶标志物水平,诊断方法
2690,冠状动脉造影,诊断方法
2691,心脏磁共振成像,诊断方法
2692,放射性核素心肌灌注显像,诊断方法
2693,心脏外科,科室
2694,心胸外科,科室
2695,舌下含服硝酸甘油、硝酸异山梨酯等硝酸酯类药物,治疗
2696,美托洛尔、比索洛尔等 β 受体阻滞剂,治疗
2697,硝苯地平、氨氯地平等钙通道阻断剂（CCB）,治疗
2698,抗血小板药物（如拜阿司匹林－阿司匹林肠溶片、氯吡格雷）,治疗
2699,他汀类降脂药（如辛伐他汀、阿托伐他汀）,治疗
2700,血管紧张素转换酶抑制剂（ACEI）等降压药（如卡托普利、依那普利）,治疗
2701,降糖药（如二甲双胍、瑞格列奈）,治疗
2702,氯吡格雷等抗血小板药物，肝素等抗凝药物,治疗
2703,适时运用尿激酶、链激酶等溶栓药物,治疗
2704,服用硝酸酯类药物,治疗
2705,拜阿司匹林、氯吡格雷,治疗
2706,多食水果蔬菜,治疗
2707,感染性心肌炎,疾病
2708,感染性因素,病因
2709,非感染性,病因
2710,自身免疫等因素,病因
2711,感染性病因,病因
2712,人类疱疹病毒 6 型,病因
2713,非感染性病因,病因
2714,自身免疫,病因
2715,甲基多巴,治疗
2716,氢氯噻嗪,治疗
2717,氨苄西林,治疗
2718,四环素,治疗
2719,阿奇霉素,治疗
2720,苯二氮卓类,治疗
2721,理化因素,病因
2722,呼吸道感染,病因
2723,抵抗力低下,病因
2724,心衰,症状
2725,发绀,症状
2726,心内膜活检,诊断方法
2727,心电图的改变、超声心动图的变化,诊断方法
2728,胸部X线检查,诊断方法
2729,心影扩大,诊断方法
2730,心脏磁共振,诊断方法
2731,心电图检查,诊断方法
2732,心肌损害的血生化检查,诊断方法
2733,病毒学检查,诊断方法
2734,心内膜心肌活检,诊断方法
2735,病毒抗体,诊断方法
2736,心血管科,科室
2737,高营养饮食,治疗
2738,饮食：保证营养充足,治疗
2739,抗心律失常药物,治疗
2740,利尿剂和血管扩张剂减轻心脏负荷,治疗
2741,心内电生理检查,治疗
2742,射频消融治疗,治疗
2743,心律失常,疾病
2744,后天获得性,病因
2745,先天性心脏病,病因
2746,失重感,症状
2747,突然意识丧失,症状
2748,心电图（ECG）,诊断方法
2749,动态心电图,诊断方法
2750,运动试验,诊断方法
2751,食管心电图,诊断方法
2752,理检查,诊断方法
2753,抗快速心律失常药物,治疗
2754,I 类是钠通道阻滞剂（如奎尼丁、利多卡因等），II 类是 β 受体阻滞剂（如美托洛尔、艾司洛尔等），III 类是钾通道阻滞剂（如溴苄胺、胺碘酮等），IV 类是钙通道阻滞剂（如维拉帕米,治疗
2755,抗缓慢性心律失常药物,治疗
2756,M 胆碱能受体阻滞剂和 β 肾上腺素能受体兴奋剂,治疗
2757,心脏电复律,治疗
2758,导管消融,治疗
2759,急性心肌梗死,疾病
2760,大汗,症状
2761,皮肤苍白,症状
2762,喘气费劲,症状
2763,甚至胸痛（心绞痛）,症状
2764,自身因素,病因
2765,易感人群：经常暴饮暴食、抽烟喝酒、缺少运动、脾气暴躁是形成急性心梗的基础,病因
2766,易感血液：高血脂、高血糖、高尿酸使血液处于一种高粘状态,病因
2767,易感血管：高血压、动脉硬化、动脉炎等导致血管内膜损伤,病因
2768,工作压力大,病因
2769,长期处于高度紧张状态,病因
2770,北方季节变化导致气温波动幅度大,病因
2771,心前区堵塞感,症状
2772,恶心想吐却吐不出来,症状
2773,脸色蜡黄,症状
2774,苍白,症状
2775,意识会丧失,症状
2776,胃部不适,症状
2777,胸部不适,症状
2778,气急,症状
2779,心肌损伤标志物检查,诊断方法
2780,急诊造影,诊断方法
2781,药物溶栓治疗,治疗
2782,急诊介入手术治疗,治疗
2783,抗血小板药物,治疗
2784,β 受体阻滞剂,治疗
2785,硝酸酯类药物,治疗
2786,调脂药物,治疗
2787,钙通道阻滞剂,治疗
2788,低血压,疾病
2789,某一器官或系统发生了疾病,病因
2790,心血管系统逐渐发生硬化,病因
2791,大血管弹性纤维逐渐减少,病因
2792,交感神经增强,病因
2793,镇静类药,病因
2794,抗肾上腺素药,病因
2795,血管扩张药,病因
2796,疲乏无力,症状
2797,头痛头晕,症状
2798,两眼发黑,症状
2799,眩晕,症状
2800,失神,症状
2801,晕厥倒地,症状
2802,心前区隐痛或不适,症状
2803,心绞痛样发作,症状
2804,神经功能障碍,症状
2805,内分泌功能减退,症状
2806,红细胞增多,症状
2807,白细胞减少,症状
2808,抵抗力降低,症状
2809,低压低,诊断方法
2810,结合临床表现,诊断方法
2811,高营养、易消化和富含维生素的饮食,治疗
2812,适当参加运动和医疗体育,治疗
2813,立刻将病人抬放在空气流通处，将头放低、松解衣领、适当保温， 病人一般很快苏醒,治疗
2814,皮下注射升压药,治疗
2815,生理性低血压,疾病
2816,病理性低血压病,疾病
2817,急性低血压,疾病
2818,心脑血管疾病,疾病
2819,缺乏营养素,病因
2820,缺乏运动,病因
2821,胸闷不适,症状
2822,水肿,症状
2823,皮肤发紫,症状
2824,咳嗽咯血,症状
2825,心脏内科,科室
2826,心脑血管造影,诊断方法
2827,房颤,疾病
2828,风湿性心脏病,病因
2829,冠心病,病因
2830,甲状腺功能亢进,病因
2831,大量饮酒,病因
2832,情绪激动,病因
2833,精神紧张,病因
2834,摄入酒精咖啡,病因
2835,某些药物的影响,病因
2836,高血压性心脏病,病因
2837,动态心电图等检查,诊断方法
2838,导管射频消融术,治疗
2839,β受体阻滞剂,治疗
2840,钙通道拮抗剂,治疗
2841,洋地黄,治疗
2842,胺碘酮,治疗
2843,射频消融术手术治疗房颤,治疗
2844,腰椎间盘突出症,疾病
2845,药物抗炎治疗,治疗
2846,脊柱外科亚专科,科室
2847,康复科,科室
2848,腰部活动受限,症状
2849,感觉迟钝或麻木,症状
2850,大、小便障碍,症状
2851,感觉减退,症状
2852,大小便失控,症状
2853,间歇性跛行,症状
2854,临床症状,诊断方法
2855,核磁共振检查（MRI 检查）,诊断方法
2856,脊髓造影检查,诊断方法
2857,造影检查,诊断方法
2858,直腿抬高试验,诊断方法
2859,核磁共振成像,诊断方法
2860,牵引治疗,治疗
2861,罗非昔布,治疗
2862,脱水药物,治疗
2863,甘露醇,治疗
2864,神经营养剂,治疗
2865,肌肉松弛剂,治疗
2866,替扎尼定,治疗
2867,乙哌立松,治疗
2868,注射治疗,治疗
2869,硬膜外腔注射,治疗
2870,注射糖皮质类激素,治疗
2871,颈椎病,疾病
2872,改变工作生活习惯,治疗
2873,脊柱外科,科室
2874,颈椎的退行性变,病因
2875,眼睑下垂,症状
2876,发麻或疼痛,症状
2877,头疼,症状
2878,突然晕倒,症状
2879,颈椎试验检查,诊断方法
2880,磁共振成像（MRI）,诊断方法
2881,脊髓造影,诊断方法
2882,椎动脉造影,诊断方法
2883,非甾体类止痛药（布洛芬、塞来昔布）,治疗
2884,增加脑血流量药物,治疗
2885,维生素 B1,治疗
2886,适当休息和进行正确的颈肩背部肌肉锻炼,治疗
2887,头颈部运动,治疗
2888,斜方肌牵拉,治疗
2889,骨折,疾病
2890,直接暴力,病因
2891,间接暴力,病因
2892,疲劳性骨折,病因
2893,病理性骨折,病因
2894,肿胀,症状
2895,功能障碍,症状
2896,畸形,症状
2897,异常活动,症状
2898,骨擦音或骨擦感,症状
2899,口干,症状
2900,身体虚弱,症状
2901,磁共振（MRI）检查,诊断方法
2902,手法复位,治疗
2903,夹板外固定,治疗
2904,牵引,治疗
2905,切开复位内固定术,治疗
2906,切开复位外固定术,治疗
2907,髓内钉植入内固定术,治疗
2908,关节成形术,治疗
2909,骨折延迟愈合,疾病
2910,骨折不愈合,疾病
2911,骨折后畸形,疾病
2912,闭合性骨折,疾病
2913,开放性骨折,疾病
2914,不完全骨折,疾病
2915,完全骨折,疾病
2916,稳定性骨折,疾病
2917,不稳定骨折,疾病
2918,压缩性骨折,疾病
2919,裂缝骨折,疾病
2920,粉碎骨折,疾病
2921,螺旋骨折,疾病
2922,韧带损伤,疾病
2923,局部疼痛,症状
2924,瘀斑,症状
2925,血肿,症状
2926,活动障碍,症状
2927,压痛,症状
2928,运动医学科,科室
2929,关节骨科,科室
2930,体育运动,病因
2931,交通事故,病因
2932,安全生产事故,病因
2933,地震等灾害,病因
2934,意外脚踝扭伤（俗话讲的「崴脚」）,病因
2935,脱臼,症状
2936,淤血,症状
2937,关节不稳定,症状
2938,容易反复脱臼,症状
2939,长期慢性疼痛,症状
2940,关节退行性变（如骨质增生、骨赘、骨刺、关节软骨退化等）,症状
2941,骨性关节炎,症状
2942,依靠病史的采集,诊断方法
2943,MRI 检查,诊断方法
2944,建议「RICE」原则：休息 Rest、冰敷 Ice、加压包扎 Compression、抬高患肢 Elevation,治疗
2945,肩周炎,疾病
2946,局部劳损,病因
2947,肌肉力量下降,病因
2948,全身性代谢障碍,病因
2949,自身免疫问题,病因
2950,年龄和长期劳损,病因
2951,口服消炎镇痛药,治疗
2952,影像学检查（X 线,诊断方法
2953,保守（非手术）治疗配合坚持自我锻炼,治疗
2954,止痛剂（塞来昔布、盐酸曲马多等）,治疗
2955,非甾体抗炎药物（阿司匹林、布洛芬等）,治疗
2956,局部封闭注射,治疗
2957,腱鞘炎,疾病
2958,关节长期反复活动,病因
2959,先天发育畸形,病因
2960,彩超检查,诊断方法
2961,X线检查,诊断方法
2962,核磁共振检查,诊断方法
2963,核磁共振及彩超检查,诊断方法
2964,芬科斯试验,诊断方法
2965,非甾体抗炎药和糖皮质激素。 非甾体抗炎药,治疗
2966,阿司匹林,治疗
2967,超声引导小针刀,治疗
2968,清洁皮肤,治疗
2969,休息肢体,治疗
2970,手外科,科室
2971,强直性脊柱炎,疾病
2972,运动康复科,科室
2973,厌食,症状
2974,核磁共振检查（MRI）,诊断方法
2975,实验室检查： HLA－B27（人类白细胞表面抗原B27）,诊断方法
2976,双氯芬酸,治疗
2977,美洛昔康,治疗
2978,（TNF）拮抗剂,治疗
2979,英夫利西单抗,治疗
2980,阿达木单抗,治疗
2981,白介素-17 A （IL-17 A）拮抗剂,治疗
2982,司库奇尤单抗,治疗
2983,依奇珠单抗,治疗
2984,缓解病情抗风湿药（DMARDs）,治疗
2985,柳氮磺吡啶,治疗
2986,来氟米特,治疗
2987,外科治疗,治疗
2988,腰肌劳损,疾病
2989,注意休息,治疗
2990,止痛消炎药物治疗,治疗
2991,长期处于超负荷状态,病因
2992,外伤因素,病因
2993,气候、环境因素,病因
2994,腰部疼痛,症状
2995,调整生活及工作方式,治疗
2996,扶他林等非甾体消炎镇痛药,治疗
2997,盐酸乙哌立松,治疗
2998,辣椒碱软膏,治疗
2999,扶他林乳胶剂,治疗
3000,封闭治疗,治疗
3001,激素加普鲁卡因/利多卡因,治疗
3002,吲哚美辛,治疗
3003,尼美舒利,治疗
3004,肋软骨炎,疾病
3005,细菌感染造成,病因
3006,血源性感染,病因
3007,劳损,病因
3008,免疫或者内分泌系统疾病导致,病因
3009,肿胀隆起,症状
3010,钝痛,症状
3011,锐痛,症状
3012,红肿热痛,症状
3013,发烧,症状
3014,不要运动,治疗
3015,使用镇痛药物,治疗
3016,局部封闭治疗,治疗
3017,服用镇痛药物,治疗
3018,抗结核治疗,治疗
3019,手术清除,治疗
3020,感染性肋软骨炎（细菌导致）,疾病
3021,非特异性肋软骨炎（细菌以外的原因导致）,疾病
3022,肛门息肉,疾病
3023,肠镜及息肉病理检查,诊断方法
3024,肠镜 + 病理检查,诊断方法
3025,易复性疝,疾病
3026,疝带疗法,治疗
3027,疝腹腔镜修补术,治疗
3028,无张力疝修补术,治疗
3029,腹腔镜疝修补术,治疗
3030,儿外科,科室
3031,新型冠状病毒感染,疾病
3032,一般对症治疗,治疗
3033,干咳,症状
3034,味觉及嗅觉改变,症状
3035,流行病学调查,诊断方法
3036,血清学检测,诊断方法
3037,胸部影像学特征,诊断方法
3038,呼吸道病原学检测,诊断方法
3039,病毒基因测序,诊断方法
3040,畏寒,症状
3041,肌肉痛,症状
3042,颜面潮红,症状
3043,PF-07321332/利托那韦片,治疗
3044,卧床休息，加强支持治疗，注意水、电解质平衡，维持内环境稳定,治疗
3045,默沙东的莫努匹韦（Molnupiravir）和辉瑞的 Paxlovid（奈玛特韦片 / 利托那韦片组合）,治疗
3046,糖皮质激素治疗,治疗
3047,艾滋病,疾病
3048,盗汗,症状
3049,传染科,科室
3050,人免疫缺陷病毒（HIV）感染,病因
3051,呼吸系统,症状
3052,呼吸窘迫,症状
3053,吞咽疼痛,症状
3054,HIV 核酸检测,诊断方法
3055,CD4+ T 淋巴细胞检测,诊断方法
3056,HIV 耐药检测,诊断方法
3057,持续终生的「高效联合抗反转录病毒治疗」（HAART，俗称鸡尾酒疗法）,治疗
3058,核苷类反转录酶抑制剂（NRTIs）,治疗
3059,齐多夫定（AZT）、拉米夫定（3TC）,治疗
3060,阿巴卡韦（ABC）,治疗
3061,替诺福韦（TDF）,治疗
3062,齐多夫定/拉米夫定（AZT/3TC）,治疗
3063,恩曲他滨/替诺福韦（FTC/TDF）,治疗
3064,恩曲他滨/丙酚替诺福韦（FTC/TAF）,治疗
3065,拉米夫定/替诺福韦（3TC/TDF）,治疗
3066,非核苷类反转录酶抑制剂（NNRT,治疗
3067,奈韦拉平（NVP）,治疗
3068,依非韦伦（EFV）,治疗
3069,利匹韦林（RPV）,治疗
3070,艾诺韦林,治疗
3071,多拉韦林,治疗
3072,蛋白酶抑制剂（PIs）,治疗
3073,洛匹那韦/利托那韦（LPV/r）,治疗
3074,达芦那韦/考比司他（DRV/c）,治疗
3075,整合酶抑制剂（INSTIs）：拉替拉韦（RAL）,治疗
3076,多替拉韦（DTG）,治疗
3077,融合酶抑制剂,治疗
3078,艾博韦泰（ABT）,治疗
3079,狂犬病,疾病
3080,对水恐惧,症状
3081,狂躁型,症状
3082,极度恐惧,症状
3083,恐水,症状
3084,怕风,症状
3085,咽肌痉挛,症状
3086,麻痹型,症状
3087,肢体软弱无力,症状
3088,低烧,症状
3089,浑身不舒服,症状
3090,不想吃饭,症状
3091,无端的恐惧,症状
3092,激动,症状
3093,神经过敏,症状
3094,神经疼痛,症状
3095,瘙痒,症状
3096,蚁行感（像蚂蚁在身上爬行）,症状
3097,明显的神经系统症状,症状
3098,狂躁,症状
3099,意识错乱,症状
3100,痉挛发作,症状
3101,行为古怪,症状
3102,机能亢进,症状
3103,咽部肌肉痉挛,症状
3104,全身痉挛及疼痛,症状
3105,面部肌肉痉挛,症状
3106,颈背部肌肉痉挛,症状
3107,自主神经过度兴奋,症状
3108,躁动不安,症状
3109,死亡,症状
3110,肌肉无力,症状
3111,肌肉瘫痪,症状
3112,肌肉疼痛,症状
3113,感觉异常,症状
3114,腰椎穿刺：,诊断方法
3115,典型表现,诊断方法
3116,犬伤门诊,科室
3117,镇静剂安定,治疗
3118,不治之症,治疗
3119,肥皂水（或其他弱碱性清洗剂）,治疗
3120,一定压力的流动清水交替清洗咬伤和抓伤的每处伤口,治疗
3121,稀碘伏,治疗
3122,苯扎氯铵,治疗
3123,注射疫苗,治疗
3124,不明原因发热,疾病
3125,感染,病因
3126,非感染性炎症病,病因
3127,肿瘤,病因
3128,亚急性甲状腺炎,病因
3129,伪装热,病因
3130,肾上腺功能不全,病因
3131,Mollaret 动脉综合征（无菌性脑膜炎）,病因
3132,Caroli 病,病因
3133,婴儿骨皮质增生症（Caffey 病）,病因
3134,发热持续 3 周以上，口腔体温至少三次 ＞ 38.3 ℃（或至少三次体温在一天内波动 ＞ 1.2 ℃）,症状
3135,入院后发热超过 3 天，口腔测体温至少三次 ＞ 38.3 ℃（或至少三次体温一天内波动 ＞ 1.2 ℃）,症状
3136,发热超过 3 天，口腔测体温 ＞ 38.3 ℃（或体温一天内波动 ＞ 1.2 ℃）,症状
3137,确诊 HIV 感染，住院患者发热超过 3 天或门诊患者发热超过 3 周，口腔测体温 ＞ 38.3 ℃（或体温一天内波动 ＞ 1.2 ℃）,症状
3138,了解病史、家族史、接触史,诊断方法
3139,医生应全面系统的体格检查,诊断方法
3140,病人的前后对比,诊断方法
3141,基质性角膜炎,疾病
3142,胸锁关节增厚,症状
3143,其他组织器官损害,病因
3144,反复实验室检查（主要是血清学检查结果）,诊断方法
3145,典型临床表现,诊断方法
3146,实验室检查（暗视野显微镜,诊断方法
3147,镀银染色,诊断方法
3148,吉姆萨染色或直接免疫荧光检查发现梅毒螺旋体（TP）,诊断方法
3149,实验室检查（黏膜损害处,诊断方法
3150,接触史、典型临床表现同时结合实验室检查（非 TP 抗原血清试验大多阳性,诊断方法
3151,有典型临床表现和实验室检查,诊断方法
3152,快速血浆反应素环状卡片试验,诊断方法
3153,梅毒检查中螺旋体颗粒凝集试验,诊断方法
3154,暗视野显微镜检,诊断方法
3155,非梅毒螺旋体血清学试验,诊断方法
3156,青霉素类,治疗
3157,水剂青霉素,治疗
3158,普鲁卡因青霉素,治疗
3159,苄星青霉素,治疗
3160,四环素、红霉素,治疗
3161,头孢曲松钠,治疗
3162,四环素类和红霉素类,治疗
3163,青霉素过敏,治疗
3164,临床治愈,治疗
3165,血清治愈,治疗
3166,血清学检查,诊断方法
3167,基孔肯雅热,疾病
3168,对症支持治疗,治疗
3169,补充水分,治疗
3170,甲氨蝶呤、糖皮质激素治疗,治疗
3171,斑疹或斑丘疹,症状
3172,大疱性皮损,症状
3173,面部浮肿,症状
3174,胃肠道症状,症状
3175,实时逆转录多聚酶链反应,诊断方法
3176,间接免疫荧光抗体（IFA）行基孔肯雅病毒血清学检测,诊断方法
3177,全身性糖皮质激素和其他免疫抑制药物,治疗
3178,抗炎药物和镇痛药减轻疼痛,治疗
3179,普瑞巴林或加巴喷丁,治疗
3180,短疗程的全身性糖皮质激素治疗,治疗
3181,泼尼松每天 10 毫克,治疗
3182,免疫抑制剂治疗,治疗
3183,上呼吸道感染,疾病
3184,季节变化,病因
3185,人群拥挤的环境,病因
3186,久坐的生活方式,病因
3187,营养不良,病因
3188,过度疲劳,病因
3189,心理压力大,病因
3190,声音沙哑,症状
3191,流眼泪,症状
3192,极度乏力,症状
3193,解热镇痛药,治疗
3194,布洛芬、对乙酰氨基酚,治疗
3195,减充血剂 + 抗组胺药,治疗
3196,减充血剂是伪麻黄碱,治疗
3197,马来酸氯苯那敏,治疗
3198,右美沙芬,治疗
3199,对乙酰氨基酚、布洛芬,治疗
3200,氨酚伪麻滴剂,治疗
3201,双分伪麻胶囊,治疗
3202,氨酚美芬伪麻分散片,治疗
3203,愈创木酚甘油醚,治疗
3204,中枢性镇咳药（可待因等）和抗组胺药（马来酸氯苯那敏,治疗
3205,发热门诊,科室
3206,急性中耳炎,疾病
3207,淋病,疾病
3208,分泌物的显微镜下检查,诊断方法
3209,大观霉素,治疗
3210,环丙沙星或阿奇霉素等抗生素治疗,治疗
3211,头孢曲松作为第一种药物，阿奇霉素作为第二种药物,治疗
3212,头孢曲松改为吉米沙星或庆大霉素,治疗
3213,尿道炎,疾病
3214,因细菌、支原体、病毒等病原体侵入尿道,病因
3215,排尿不适,症状
3216,尿道口红肿,症状
3217,伴有脓性分泌物,症状
3218,注重休息,治疗
3219,多饮水,治疗
3220,细菌、真菌、病毒等各种微生物引起,病因
3221,淋病奈瑟菌感染,病因
3222,以沙眼衣原体,病因
3223,生殖支原体,病因
3224,滴虫,病因
3225,白色念珠菌,病因
3226,包皮杆菌,病因
3227,单纯疱疹病毒,病因
3228,肝炎病毒,病因
3229,血尿,症状
3230,尿道分泌物,症状
3231,全身症状,症状
3232,尿三杯试验,诊断方法
3233,尿培养 + 药敏,诊断方法
3234,泌尿系彩超,诊断方法
3235,膀胱镜,诊断方法
3236,尿液培养+药敏试验,治疗
3237,青霉素（如阿莫西林、氨苄西林）,治疗
3238,喹诺酮类（如左氧氟沙星、诺氟沙星）,治疗
3239,头孢类（如头孢曲松、头孢哌酮）,治疗
3240,米诺环素,治疗
3241,红霉素,治疗
3242,抗炎、止痛药物,治疗
3243,局部热敷,治疗
3244,细菌性尿道炎,疾病
3245,淋球菌性尿道炎,疾病
3246,非淋球菌性尿道炎,疾病
3247,急性尿道炎,疾病
3248,慢性尿道炎,疾病
3249,咽炎,疾病
3250,呼吸科,科室
3251,病毒、细菌等微生物的感染,病因
3252,非感染因素,病因
3253,花粉过敏,病因
3254,粉尘过敏,病因
3255,空气过度干燥,病因
3256,由急性咽炎转化,病因
3257,邻近部位的炎症转移,病因
3258,各种化学和物理性刺激,病因
3259,长期过度用嗓者,病因
3260,长期接触粉尘、有害气体的人,病因
3261,咽部干燥,症状
3262,灼热,症状
3263,吞咽痛,症状
3264,可伴发热,症状
3265,四肢酸痛,症状
3266,咽部不适,症状
3267,咽部异物感,症状
3268,灼热感,症状
3269,干燥感,症状
3270,患者的症状及体征,诊断方法
3271,过敏史,诊断方法
3272,接触过的人,诊断方法
3273,去过的场所,诊断方法
3274,C 反应蛋白,诊断方法
3275,咽拭子检查,诊断方法
3276,喉镜检查,诊断方法
3277,鼻腔,诊断方法
3278,口腔检查,诊断方法
3279,肺部 X 线,诊断方法
3280,含漱液,治疗
3281,氯己定含漱液,治疗
3282,抗菌药或抗病毒药,治疗
3283,服用退热药物（布洛芬、对乙酰氨基酚等）,治疗
3284,积极治疗慢性鼻炎、慢性扁桃体炎、牙周炎等慢性炎症,治疗
3285,坚持户外活动,治疗
3286,保持室内空气清新,治疗
3287,雾化吸入,治疗
3288,碘剂和维生素,治疗
3289,低温等离子射频治疗,治疗
3290,急性咽炎,疾病
3291,慢性咽炎,疾病
3292,慢性咳嗽,疾病
3293,胃食管反流,病因
3294,普通感冒,病因
3295,咳嗽变异性哮喘,病因
3296,嗜酸粒细胞性支气管炎,病因
3297,胸部影像学检查,诊断方法
3298,上气道咳嗽综合征,疾病
3299,感染后咳嗽,疾病
3300,急性上呼吸道感染,疾病
3301,病毒、细菌等致病微生物的感染,病因
3302,气温骤变,病因
3303,淋雨,病因
3304,丧亲等）,病因
3305,咽干,症状
3306,讲话困难,症状
3307,咽痛,症状
3308,咽痛明显,症状
3309,解热镇痛药（如对乙酰氨基酚、布洛芬）退热,治疗
3310,麻黄碱类药物缓解鼻部症状,治疗
3311,抗菌药物（包括抗生素）,治疗
3312,抗组胺药或镇咳药治疗,治疗
3313,口服糖皮质激素治疗,治疗
3314,维生素、糖皮质激素、神经营养药,治疗
3315,普通感冒,疾病
3316,急性病毒性咽炎,疾病
3317,急性扁桃体炎,疾病
3318,抗生素药物治疗,治疗
3319,全科,科室
3320,A 组乙型溶血性链球菌,病因
3321,有害气体刺激,病因
3322,畏寒（怕冷）,症状
3323,食欲下降,症状
3324,昏睡,症状
3325,局部症状,症状
3326,剧烈咽痛,症状
3327,扁桃体肿大,症状
3328,说话含糊不清,症状
3329,呼吸不畅,症状
3330,咽喉不适,症状
3331,刺激性咳嗽,症状
3332,咽喉部检查,诊断方法
3333,血液分析,诊断方法
3334,白细胞检查,诊断方法
3335,血清黏蛋白。 扁桃体分泌物细菌培养,诊断方法
3336,人类疱疹病毒（EB病毒）感染检测,诊断方法
3337,口服抗生素、糖皮质激素,治疗
3338,多吃一些富含营养的食物,治疗
3339,退烧药 [1],治疗
3340,参加体育训练增强体质、免疫治疗,治疗
3341,免疫功能检查,诊断方法
3342,低温等离子切除,治疗
3343,中暑,疾病
3344,眼花,症状
3345,面色潮红或苍白,症状
3346,表情淡漠,症状
3347,皮肤湿冷,症状
3348,脉搏细弱,症状
3349,血压下降,症状
3350,心率加快,症状
3351,不安,症状
3352,阴凉处休息。 补充水分，小口慢饮,治疗
3353,评估意识状态,治疗
3354,迅速脱离高温环境，阴凉处平卧休息，给予含盐清凉饮料,治疗
3355,葡萄糖生理盐水静脉滴注,治疗
3356,颅脑损伤,疾病
3357,车祸,病因
3358,工矿事故,病因
3359,运动伤害,病因
3360,跌倒,病因
3361,坠落,病因
3362,火器伤所致,病因
3363,锐器、钝器等外部机械力转移到颅内容物,病因
3364,出血,症状
3365,体征,症状
3366,肢体抽搐,症状
3367,脑疝,症状
3368,心率减慢,症状
3369,瞳孔不等大,症状
3370,甚至心跳呼吸骤停,症状
3371,失血性休克,症状
3372,颅内感染,症状
3373,癫痫发作甚至死亡,症状
3374,脑出血,症状
3375,ICU 监护治疗,治疗
3376,镇痛镇静,治疗
3377,降低颅内压,治疗
3378,维持脑灌注压,治疗
3379,抗癫痫,治疗
3380,头颅磁共振,诊断方法
3381,头皮损伤,疾病
3382,颅骨损伤,疾病
3383,脑损伤,疾病
3384,缺铁性贫血,疾病
3385,疾病无法及时,病因
3386,膳⻝因素,病因
3387,过早或过多摄入普通牛奶,病因
3388,月经过多和异常子宫出血,病因
3389,分娩,病因
3390,消化道出血：包括呕血、黑便、大便隐血等表现,病因
3391,泌尿系统出血：肿瘤、结石及炎性疾病可导致慢性失血，量足以产生缺铁性贫血,病因
3392,呼吸系统出血,病因
3393,外伤或手术出血,病因
3394,系统性疾病，例如遗传性出血性毛细血管扩张症,病因
3395,铁吸收能力下降,病因
3396,骨髓增生异常综合征,病因
3397,阵发性睡眠性血红蛋白尿症,病因
3398,自身免疫性溶血性贫血,病因
3399,铁难治性缺铁性贫血,病因
3400,劳力性呼吸困难,症状
3401,异食癖和食冰癖,症状
3402,不安腿综合征,症状
3403,外表变化,症状
3404,凹甲,症状
3405,疲倦,症状
3406,淡漠,症状
3407,对外界事物不感兴趣,症状
3408,上学时无法专注,症状
3409,热性惊厥,症状
3410,血清铁四项,诊断方法
3411,C-反应蛋白,诊断方法
3412,骨髓穿刺,诊断方法
3413,幽门螺杆菌呼气试验,诊断方法
3414,大便隐血,诊断方法
3415,结肠镜,诊断方法
3416,全科门诊,科室
3417,口服铁剂,治疗
3418,无机铁剂,治疗
3419,静脉铁剂,治疗
3420,维生素 C 和叶酸,治疗
3421,膳食,治疗
3422,危急情况下输注红细胞,治疗
3423,烧伤,疾病
3424,血尿便常规检查,诊断方法
3425,肝肾功能检测,诊断方法
3426,电解质和血气分析检测,诊断方法
3427,凝血功能检测,诊断方法
3428,胸部 X 光片检查,诊断方法
3429,整形科,科室
3430,清洁冷（冰）水浸湿的毛巾,治疗
3431,包扎疗法,治疗
3432,暴露疗法,治疗
3433,加压疗法,治疗
3434,直接涂抹的膏剂或霜剂,治疗
3435,硅酮敷料,治疗
3436,局部激素注射,治疗
3437,原发性肾病综合征,疾病
3438,原发性肾病综合征,病因
3439,急性肾损伤,症状
3440,血液生化检查,诊断方法
3441,凝血状况,诊断方法
3442,24 小时尿蛋白定量,诊断方法
3443,肾活检,诊断方法
3444,利尿剂（如氢氯噻嗪、呋塞米等）进行消肿利尿,治疗
3445,降压药（如贝那普利、缬沙坦,治疗
3446,降脂药（如阿托伐他汀、瑞舒伐他汀,治疗
3447,甲泼尼龙,治疗
3448,环磷酰胺,治疗
3449,吗替麦考酚酯,治疗
3450,他克莫司,治疗
3451,氢氯噻嗪、呋塞米,治疗
3452,降压药,治疗
3453,贝那普利,治疗
3454,缬沙坦,治疗
3455,降脂药,治疗
3456,阿托伐他汀,治疗
3457,瑞舒伐他汀,治疗
3458,多血质外貌,症状
3459,低盐低糖饮食,治疗
3460,保持皮肤卫生,治疗
3461,过敏性紫癜性肾炎,疾病
3462,乙型肝炎病毒相关性肾炎,疾病
3463,继发性肾病综合征,疾病
3464,慢性肾衰竭,疾病
3465,全身浮肿,症状
3466,全身瘙痒,症状
3467,胸闷气急,症状
3468,肾脏影像学检查异常,诊断方法
3469,肾功能检查,诊断方法
3470,病因治疗,治疗
3471,危险因素控制,治疗
3472,使用肾毒性药物,治疗
3473,使用造影剂,治疗
3474,并发症防治,治疗
3475,肾脏替代治疗,治疗
3476,降压治疗,治疗
3477,血管紧张素转换酶抑制剂（ACEI）,治疗
3478,拮抗剂（ARB）、钙通道阻滞剂（CCB）,治疗
3479,静脉滴注碳酸氢钠,治疗
3480,葡萄糖酸钙静脉注射和/或葡萄糖-胰岛素静脉滴注,治疗
3481,血液透析,治疗
3482,腹膜透析,治疗
3483,尿毒症,疾病
3484,肾结构损害和纤维化,病因
3485,肾脏排泄和代谢功能下降,病因
3486,使水、电解质和酸碱失调,病因
3487,心脏骤停,症状
3488,猝死,症状
3489,神经精神症状,症状
3490,慢性肾小球肾炎,病因
3491,多囊肾病,病因
3492,肾小球动脉硬化,病因
3493,慢性肾盂肾炎,病因
3494,过敏性紫癜,病因
3495,系统性红斑狼疮,病因
3496,多发性骨髓瘤,病因
3497,神经系统症状,症状
3498,自觉烦躁不安,症状
3499,昏迷症状,症状
3500,消化系统症状,症状
3501,心血管系统症状,症状
3502,无法平卧,症状
3503,肺部水肿,症状
3504,血管钙化,症状
3505,动脉粥样硬化,症状
3506,呼吸系统症状,症状
3507,皮肤症状,症状
3508,血液系统症状,症状
3509,轻度至中度贫血,症状
3510,出血倾向,症状
3511,内分泌症状,症状
3512,性腺功能减退（如女性停经，男性性欲减退等）,症状
3513,神经肌肉骨骼系统症状,症状
3514,反应冷漠,症状
3515,精神异常,症状
3516,深反射迟钝,症状
3517,消失,症状
3518,无故的困倦乏力,症状
3519,尿量的改变,症状
3520,面色苍白灰暗,症状
3521,口腔异味,症状
3522,抽筋,症状
3523,肾功能：主要包括尿素氮、肌酐等几项,诊断方法
3524,肾小球滤过率,诊断方法
3525,血清电解质,诊断方法
3526,控制各种肾炎活动,治疗
3527,控制高血压、糖尿病,治疗
3528,纠正血容量不足,治疗
3529,避免心力衰竭或严重的心律失常,治疗
3530,避免使用肾毒性药物,治疗
3531,及时治疗泌尿道梗阻,治疗
3532,治疗电解质紊乱,治疗
3533,避免急性应激状态,治疗
3534,肾移植,治疗
3535,透析,治疗
3536,纠正高钾血症,治疗
3537,并发症治疗,治疗
3538,纠正酸中毒,治疗
3539,调节钙磷平衡,治疗
3540,防治肾性骨病,治疗
3541,控制血压,治疗
3542,纠正贫血,治疗
3543,控制电解质代谢紊乱,治疗
3544,补充造血原料,治疗
3545,补充促红细胞生成素,治疗
3546,低磷饮食,治疗
3547,磷结合剂,治疗
3548,活性维生素 D,治疗
3549,充分透析,治疗
3550,尿路感染,疾病
3551,寒颤,症状
3552,腰痛,症状
3553,细菌尿,症状
3554,脓尿,症状
3555,大肠埃希菌,病因
3556,变形杆菌,病因
3557,产气杆菌,病因
3558,克雷伯肺炎杆菌,病因
3559,铜绿假单胞杆菌,病因
3560,金黄色葡萄球菌,病因
3561,长期留置导尿管,病因
3562,医源性因素,病因
3563,长期服用糖皮质激素或免疫抑制药物,病因
3564,神经源性膀胱,病因
3565,结石,病因
3566,先天性发育畸形,病因
3567,尿道瘘,病因
3568,长期憋尿者,病因
3569,梗阻性尿路疾病者,病因
3570,化疗或放疗损伤尿路上皮者,病因
3571,尿流改道术后者,病因
3572,存在膀胱输尿管反流者,病因
3573,患有肾功能不全、移植肾、糖尿病、免疫缺陷等疾病者,病因
3574,卫生习惯不好者,病因
3575,耻骨上压痛,症状
3576,膀胱炎,症状
3577,急性肾盂肾炎,症状
3578,全身酸痛,症状
3579,尿路刺激症,症状
3580,腰部酸痛不适,症状
3581,间歇性尿频,症状
3582,尿脓毒血症,症状
3583,感染性休克,症状
3584,肾功能衰竭,症状
3585,尿培养,诊断方法
3586,泌尿彩超,诊断方法
3587,详细的体格检查,诊断方法
3588,环丙沙星,治疗
3589,左氧氟沙星,治疗
3590,呋喃妥因,治疗
3591,复方磺胺甲噁唑,治疗
3592,磷霉素,治疗
3593,体外冲击波碎石术,治疗
3594,导管处理,治疗
3595,尿道扩张术,治疗
3596,勤排尿,治疗
3597,冲刷尿路,治疗
3598,上尿路感染,疾病
3599,下尿路感染,疾病
3600,单纯性尿路感染,疾病
3601,反复发作的尿路感染,疾病
3602,慢性肾小球肾炎,疾病
3603,尿微量蛋白,诊断方法
3604,肾穿刺活检,诊断方法
3605,肾功能测定,诊断方法
3606,肾脏超声,诊断方法
3607,尿微量白蛋白,诊断方法
3608,积极控制高血压和减少尿蛋白,治疗
3609,血管紧张素转换酶抑制剂（如卡托普利、依那普利等）或血管紧张素受体拮抗剂（如厄贝沙坦、缬沙坦,治疗
3610,素和细胞毒药物,治疗
3611,肾错构瘤,疾病
3612,腹部平片（X 线）,诊断方法
3613,泌尿系 CT,诊断方法
3614,泌尿系 CT 平扫,诊断方法
3615,泌尿系 CT 增强,诊断方法
3616,肾积水,疾病
3617,先天性疾病,病因
3618,感染性疾病,病因
3619,后天梗阻性疾病,病因
3620,尿液浑浊,症状
3621,尿色加深,症状
3622,尿液和血液检查,诊断方法
3623,尿液和血液检查肾功能,诊断方法
3624,泌尿系 B 超,诊断方法
3625,静脉肾盂造影,诊断方法
3626,同位素肾图,诊断方法
3627,动态肾显像,诊断方法
3628,泌尿系B超,诊断方法
3629,经皮肾穿刺造瘘术,治疗
3630,输尿管留置导管,治疗
3631,血液透析治疗,治疗
3632,外源性哮喘,疾病
3633,细菌病毒感染,病因
3634,气候变化,病因
3635,气喘,症状
3636,多脏器衰竭,病因
3637,发育不良和胸廓畸形,病因
3638,低氧血症,病因
3639,肺功能检查,诊断方法
3640,支气管激发试验,诊断方法
3641,过敏原测试,诊断方法
3642,痰液检查,诊断方法
3643,免疫反应科,科室
3644,糖皮质激素（俗称激素）,治疗
3645,二丙酸倍氯松,治疗
3646,布地奈德,治疗
3647,支气管扩张剂： β2 受体激动剂,治疗
3648,抗胆碱药,治疗
3649,异丙托溴铵,治疗
3650,噻托溴铵,治疗
3651,白三烯受体拮抗剂,治疗
3652,茶碱类药物,治疗
3653,万托林气雾剂,治疗
3654,压力定量气雾吸入器,治疗
3655,内源性哮喘,疾病
3656,过敏性哮喘,疾病
3657,感染性哮喘,疾病
3658,运动性哮喘,疾病
3659,药物性哮喘,疾病
3660,职业性哮喘,疾病
3661,心源性哮喘,疾病
3662,心因性哮喘,疾病
3663,肺炎,疾病
3664,细菌,病因
3665,病毒,病因
3666,真菌,病因
3667,寄生虫,病因
3668,微生物感染,病因
3669,放射线照射,病因
3670,吸入异物,病因
3671,发热（体温常大于 38℃，可伴有寒战）,症状
3672,干咳（偶有血痰）,症状
3673,感染性肺炎,病因
3674,误吸导致的肺部炎症,病因
3675,醉酒,病因
3676,癫痫发作,病因
3677,麻醉,病因
3678,中风,病因
3679,异物吸入,病因
3680,肺组织损伤,病因
3681,肺癌,病因
3682,乳腺癌,病因
3683,食管癌,病因
3684,长期吸入石棉粉尘,病因
3685,使用某些药物（如胺碘酮）,病因
3686,缺氧,症状
3687,呼吸衰竭,症状
3688,休克（晕厥、血压下降、意识丧失）,症状
3689,肺脓肿,症状
3690,脓胸,症状
3691,心包炎,症状
3692,菌血症,症状
3693,高热惊厥,症状
3694,损伤神经系统,症状
3695,胸腔积液,症状
3696,败血症,症状
3697,化脓性脑膜炎,症状
3698,体格检查（包括测体温、肺部听诊等）,诊断方法
3699,胸部 CT,诊断方法
3700,镇咳药物如右美沙芬,治疗
3701,磷酸可待因,治疗
3702,口服祛痰药物如盐酸氨溴索,治疗
3703,乙酰半胱氨酸,治疗
3704,应用氨溴索,治疗
3705,雾化治疗,治疗
3706,退热,治疗
3707,头孢菌素类,治疗
3708,喹诺酮类,治疗
3709,大环内酯类,治疗
3710,磺胺类,治疗
3711,利巴韦林,治疗
3712,更昔洛韦,治疗
3713,奥司他韦,治疗
3714,大叶性肺炎,疾病
3715,小叶性肺炎,疾病
3716,间质性肺炎,疾病
3717,细菌性肺炎,疾病
3718,病毒性肺炎,疾病
3719,非典型病原体所致肺炎,疾病
3720,真菌性肺炎,疾病
3721,其他病原体所致肺炎,疾病
3722,理化因素所致肺炎,疾病
3723,社区获得性肺炎,疾病
3724,医院获得性肺炎,疾病
3725,传染性非典型肺炎,疾病
